{"type":"FeatureCollection","name":"Anadolu Üniversitesi Yunus Emre Kampüsü — OpenStreetMap extract","source":"https://api.openstreetmap.org/api/0.6/map?bbox=30.4885,39.7845,30.5105,39.7955","attribution":"© OpenStreetMap contributors; ODbL 1.0 — https://www.openstreetmap.org/copyright","note":"The OSM boundary and features require on-site and official-plan verification before navigation use.","features":[{"type":"Feature","id":"way/269147024","properties":{"amenity":"university","education":"university","internet_access":"yes","name":"Anadolu Üniversitesi","website":"https://www.anadolu.edu.tr/","wikidata":"Q483758","wikimedia_commons":"Category:Anadolu University","wikipedia":"tr:Anadolu Üniversitesi","osmType":"way","osmId":"269147024","role":"campus-boundary"},"geometry":{"type":"Polygon","coordinates":[[[30.5016268,39.7941152],[30.501758,39.7941134],[30.5018879,39.7940984],[30.502014,39.7940704],[30.5021342,39.7940299],[30.5022465,39.7939776],[30.5032642,39.7934809],[30.503519,39.7934051],[30.5061611,39.7930152],[30.5093325,39.7932461],[30.5094348,39.7932346],[30.509533,39.7932098],[30.5096243,39.7931725],[30.509706,39.7931238],[30.5097757,39.7930651],[30.5098313,39.7929982],[30.5098713,39.7929249],[30.5098944,39.7928475],[30.5099001,39.7927682],[30.509888,39.7926893],[30.5098586,39.7926132],[30.5098128,39.792542],[30.5097518,39.7924778],[30.5093072,39.7921016],[30.505849,39.7903234],[30.5033244,39.7890271],[30.5031089,39.7889293],[30.5028869,39.7888403],[30.5026591,39.7887605],[30.5024261,39.7886901],[30.4988404,39.7878594],[30.4973359,39.7877309],[30.4969142,39.7877292],[30.4964938,39.7877532],[30.4960771,39.787803],[30.495667,39.787878],[30.4946917,39.788211],[30.4934388,39.7887775],[30.4932786,39.7888882],[30.4931881,39.7890263],[30.4931848,39.7891065],[30.4932401,39.7891841],[30.4929414,39.7893385],[30.4927821,39.7892464],[30.4925905,39.789186],[30.4924884,39.7891884],[30.4921847,39.7893579],[30.4924332,39.790321],[30.4924152,39.7908275],[30.4921705,39.7916962],[30.4920596,39.7922991],[30.4920688,39.7941522],[30.491547,39.7946067],[30.4914533,39.7950321],[30.4933078,39.7954405],[30.4944661,39.7956975],[30.4951583,39.7958551],[30.495684,39.7959806],[30.4962056,39.7960631],[30.4974782,39.7960247],[30.4977467,39.7959527],[30.4977822,39.7959333],[30.4979894,39.7958389],[30.4981954,39.7956883],[30.4998519,39.7941231],[30.5002759,39.793999],[30.5016268,39.7941152]]]}},{"type":"Feature","id":"way/28117046","properties":{"highway":"residential","oneway":"yes","osmType":"way","osmId":"28117046"},"geometry":{"type":"LineString","coordinates":[[30.493303,39.7887828],[30.4932341,39.7888491],[30.4931845,39.7889248],[30.4931563,39.7890068],[30.4931508,39.7890915],[30.4931681,39.7891753],[30.4932076,39.7892545]]}},{"type":"Feature","id":"way/28117049","properties":{"highway":"residential","osmType":"way","osmId":"28117049"},"geometry":{"type":"LineString","coordinates":[[30.4951846,39.7901801],[30.4964087,39.7902548],[30.4968948,39.7902934],[30.4973388,39.7903283],[30.4975955,39.7903569],[30.4979799,39.7904033],[30.4981792,39.7904371],[30.4982338,39.7904492],[30.4982797,39.790475],[30.4983112,39.7905113],[30.4983966,39.7907364],[30.4985839,39.7912447],[30.4987192,39.7916117],[30.4987532,39.7916542],[30.4987978,39.7916904],[30.4988127,39.7916983],[30.4988513,39.7917188],[30.4989111,39.7917381],[30.4989749,39.7917476],[30.4991331,39.7917561],[30.499356,39.7917681],[30.4995587,39.791779]]}},{"type":"Feature","id":"way/28117053","properties":{"highway":"residential","osmType":"way","osmId":"28117053"},"geometry":{"type":"LineString","coordinates":[[30.5014521,39.7907664],[30.5014697,39.7907005],[30.5014788,39.790674],[30.5016338,39.7902244],[30.5016602,39.7901477],[30.5016635,39.7901272],[30.5016625,39.7901065],[30.5016572,39.7900862],[30.5016478,39.7900668],[30.5013974,39.7898992],[30.5013883,39.7898765],[30.5013827,39.7898532],[30.5013805,39.7898295],[30.5013819,39.7898057],[30.501497,39.7894139],[30.5015402,39.7892664]]}},{"type":"Feature","id":"way/28117056","properties":{"amenity":"parking","osmType":"way","osmId":"28117056"},"geometry":{"type":"Polygon","coordinates":[[[30.5018433,39.7895617],[30.5015565,39.7895132],[30.5016117,39.7893205],[30.5018986,39.789369],[30.5018433,39.7895617]]]}},{"type":"Feature","id":"way/28118416","properties":{"highway":"residential","oneway":"yes","osmType":"way","osmId":"28118416"},"geometry":{"type":"LineString","coordinates":[[30.4951846,39.7901801],[30.4944443,39.7902653],[30.4943772,39.790263],[30.4943128,39.7902483],[30.4942549,39.7902221],[30.4936819,39.7898132],[30.4935774,39.7897365],[30.4930656,39.7893607],[30.4926175,39.789064]]}},{"type":"Feature","id":"way/194613733","properties":{"highway":"footway","osmType":"way","osmId":"194613733"},"geometry":{"type":"LineString","coordinates":[[30.5001129,39.7905552],[30.5000882,39.7906582],[30.5000471,39.7907827],[30.500029,39.7908429],[30.4999431,39.7908264],[30.4998197,39.7908058],[30.4998003,39.7908652],[30.499675,39.7908438],[30.4995944,39.7908301],[30.4992008,39.7907659]]}},{"type":"Feature","id":"way/194613734","properties":{"highway":"footway","osmType":"way","osmId":"194613734"},"geometry":{"type":"LineString","coordinates":[[30.4995944,39.7908301],[30.4996716,39.7905888]]}},{"type":"Feature","id":"way/194613738","properties":{"highway":"footway","osmType":"way","osmId":"194613738"},"geometry":{"type":"LineString","coordinates":[[30.4992297,39.7906419],[30.4988971,39.7905873],[30.4988564,39.7907553]]}},{"type":"Feature","id":"way/194944165","properties":{"highway":"footway","osmType":"way","osmId":"194944165"},"geometry":{"type":"LineString","coordinates":[[30.4993227,39.7903481],[30.4992687,39.7905237],[30.4992297,39.7906419],[30.4992008,39.7907659],[30.4991867,39.7908141],[30.4988564,39.7907553],[30.498733,39.7907333],[30.4986771,39.7907234],[30.4985376,39.7907007],[30.4983966,39.7907364]]}},{"type":"Feature","id":"way/213145449","properties":{"highway":"service","osmType":"way","osmId":"213145449"},"geometry":{"type":"LineString","coordinates":[[30.498166,39.793479],[30.49822,39.7933059],[30.4982458,39.7932587],[30.4982908,39.793221],[30.4983496,39.7931969],[30.4984154,39.7931894],[30.4988445,39.7931995],[30.4989391,39.7931909],[30.4990303,39.7931694],[30.4994707,39.792925]]}},{"type":"Feature","id":"way/213145458","properties":{"highway":"footway","osmType":"way","osmId":"213145458"},"geometry":{"type":"LineString","coordinates":[[30.5029951,39.7898214],[30.5028828,39.7898057],[30.5027748,39.7898339],[30.5026982,39.7898989],[30.5026722,39.7899842]]}},{"type":"Feature","id":"way/213145471","properties":{"highway":"footway","osmType":"way","osmId":"213145471"},"geometry":{"type":"LineString","coordinates":[[30.4966732,39.7876702],[30.4966791,39.7877541],[30.4966849,39.7878379],[30.4967095,39.7879093],[30.4967437,39.7879691],[30.4967854,39.7880915],[30.4968081,39.7882168],[30.4968138,39.7883421],[30.4967702,39.7884106],[30.4967057,39.7884937],[30.4966564,39.7885316],[30.4966242,39.7885418],[30.4965353,39.788571]]}},{"type":"Feature","id":"way/213145472","properties":{"highway":"service","osmType":"way","osmId":"213145472"},"geometry":{"type":"LineString","coordinates":[[30.4990305,39.7937975],[30.4993159,39.7938379],[30.4993644,39.7938381],[30.499412,39.7938308],[30.4994567,39.7938164],[30.4994968,39.7937955],[30.4995306,39.7937688],[30.4997641,39.7935693],[30.4998007,39.7935447],[30.4998425,39.7935256],[30.4998883,39.7935129],[30.4999363,39.793507],[30.499985,39.793508],[30.5022981,39.7936476],[30.5025086,39.7936585]]}},{"type":"Feature","id":"way/213145476","properties":{"highway":"service","osmType":"way","osmId":"213145476"},"geometry":{"type":"LineString","coordinates":[[30.4957633,39.7914585],[30.4958655,39.7916245],[30.4958983,39.7917369],[30.4959148,39.7917683],[30.4959465,39.7917919],[30.495988,39.7918037],[30.4966969,39.7918042],[30.4967271,39.7917998],[30.4967529,39.7917869],[30.4967705,39.7917674],[30.4967772,39.7917443],[30.4968064,39.7916229],[30.496852,39.7914715]]}},{"type":"Feature","id":"way/213145479","properties":{"highway":"service","osmType":"way","osmId":"213145479"},"geometry":{"type":"LineString","coordinates":[[30.5041061,39.7908527],[30.5041114,39.790868],[30.5041358,39.7909394],[30.5041461,39.7910247],[30.5041037,39.7910824],[30.5040145,39.7911184],[30.5036451,39.791192],[30.5036205,39.7915008]]}},{"type":"Feature","id":"way/213145486","properties":{"highway":"footway","osmType":"way","osmId":"213145486"},"geometry":{"type":"LineString","coordinates":[[30.4986616,39.7892744],[30.4986077,39.7893117],[30.498559,39.7893531],[30.498516,39.789398],[30.4984792,39.7894461],[30.4984489,39.7894967],[30.4984345,39.7895501],[30.4984326,39.7895926],[30.498436,39.7896351],[30.4984449,39.7896771],[30.4984591,39.7897182],[30.4984785,39.789758],[30.4985029,39.7897962],[30.498532,39.7898324],[30.4985657,39.7898662]]}},{"type":"Feature","id":"way/213145492","properties":{"highway":"residential","osmType":"way","osmId":"213145492"},"geometry":{"type":"LineString","coordinates":[[30.4955046,39.7914347],[30.4957633,39.7914585],[30.4961587,39.7914672],[30.496852,39.7914715],[30.4972638,39.7914633],[30.4973624,39.7914327],[30.4973964,39.7914039],[30.4974174,39.7913861],[30.4974439,39.7913103],[30.497515,39.7908873],[30.4975501,39.7906778],[30.4975955,39.7903569]]}},{"type":"Feature","id":"way/213145495","properties":{"highway":"service","osmType":"way","osmId":"213145495"},"geometry":{"type":"LineString","coordinates":[[30.4948976,39.7944128],[30.4945947,39.7953428],[30.4946027,39.7953953],[30.4946261,39.795445],[30.4946635,39.7954893],[30.4947131,39.7955259],[30.4954324,39.7956355],[30.4966712,39.7958148],[30.4967653,39.7954847]]}},{"type":"Feature","id":"way/213145497","properties":{"highway":"service","osmType":"way","osmId":"213145497"},"geometry":{"type":"LineString","coordinates":[[30.4982039,39.7892103],[30.4980628,39.7893308],[30.4980117,39.7893845],[30.4979787,39.7894387],[30.4979244,39.7895965],[30.4977569,39.7896173],[30.497781,39.7894573],[30.4977956,39.789403],[30.4978332,39.78935],[30.4979709,39.7891804]]}},{"type":"Feature","id":"way/213145500","properties":{"highway":"residential","name":"Anadolu Üniversitei","osmType":"way","osmId":"213145500"},"geometry":{"type":"LineString","coordinates":[[30.4951846,39.7901801],[30.4952489,39.7903024],[30.495324,39.7904775],[30.4954131,39.790901],[30.4954471,39.7910626],[30.4955046,39.7914347],[30.4955461,39.7917165],[30.4955842,39.7919748],[30.4956291,39.7922795],[30.495667,39.7925367],[30.4956888,39.7926843],[30.4957595,39.7928961],[30.4958088,39.7930438],[30.4959788,39.7936068],[30.4961068,39.7940825],[30.496316,39.7947072]]}},{"type":"Feature","id":"way/213145505","properties":{"highway":"service","osmType":"way","osmId":"213145505"},"geometry":{"type":"LineString","coordinates":[[30.4929733,39.7923174],[30.4933931,39.79223],[30.4934253,39.7921991],[30.4935514,39.7921125],[30.4951608,39.7918302],[30.4952023,39.7918299],[30.4952422,39.7918386],[30.4952774,39.7918555],[30.495305,39.7918792],[30.4953228,39.791908],[30.495449,39.7923883],[30.4954529,39.7924449],[30.4954412,39.7925008],[30.4954147,39.7925537],[30.4953743,39.7926011],[30.495322,39.792641],[30.4952599,39.7926716],[30.4950617,39.7927331]]}},{"type":"Feature","id":"way/213145531","properties":{"highway":"unclassified","osmType":"way","osmId":"213145531"},"geometry":{"type":"LineString","coordinates":[[30.4967653,39.7954847],[30.4969206,39.7948998],[30.496933,39.7948529]]}},{"type":"Feature","id":"way/213145598","properties":{"highway":"service","osmType":"way","osmId":"213145598"},"geometry":{"type":"LineString","coordinates":[[30.4951074,39.7929638],[30.4950617,39.7927331],[30.4950023,39.7924612],[30.4949516,39.7922289]]}},{"type":"Feature","id":"way/213145619","properties":{"highway":"service","osmType":"way","osmId":"213145619"},"geometry":{"type":"LineString","coordinates":[[30.5027192,39.7910066],[30.5027399,39.790941],[30.502759,39.7908806],[30.5029185,39.7903751],[30.5029217,39.7903565],[30.5029133,39.7903389],[30.5028954,39.7903262],[30.5025904,39.7902601],[30.5023303,39.7902144]]}},{"type":"Feature","id":"way/213145629","properties":{"highway":"service","oneway":"yes","osmType":"way","osmId":"213145629"},"geometry":{"type":"LineString","coordinates":[[30.4938534,39.7939147],[30.4932837,39.7939159],[30.4931906,39.7938858]]}},{"type":"Feature","id":"way/213145637","properties":{"highway":"service","osmType":"way","osmId":"213145637"},"geometry":{"type":"LineString","coordinates":[[30.4954933,39.7936891],[30.4959788,39.7936068]]}},{"type":"Feature","id":"way/213145644","properties":{"highway":"service","osmType":"way","osmId":"213145644"},"geometry":{"type":"LineString","coordinates":[[30.4994784,39.7928372],[30.4988104,39.7929845]]}},{"type":"Feature","id":"way/213145648","properties":{"highway":"residential","osmType":"way","osmId":"213145648"},"geometry":{"type":"LineString","coordinates":[[30.494057,39.7896841],[30.4945913,39.7895371],[30.4950215,39.7894166],[30.4950488,39.7893968],[30.4950723,39.7893742],[30.4950913,39.7893494],[30.4951056,39.7893227],[30.4951149,39.7892947],[30.495119,39.789266],[30.4950847,39.789133],[30.4950693,39.7890737],[30.4950559,39.789022],[30.4950482,39.7889649],[30.4951644,39.7883899],[30.4956903,39.788456],[30.4961391,39.7885124]]}},{"type":"Feature","id":"way/213145651","properties":{"highway":"footway","osmType":"way","osmId":"213145651"},"geometry":{"type":"LineString","coordinates":[[30.4961587,39.7914672],[30.4961425,39.7911978],[30.4961519,39.7911405],[30.4961987,39.791109],[30.4962526,39.7910944],[30.4963266,39.7910565],[30.4963607,39.7910288],[30.4963835,39.7909691],[30.4963873,39.7908423],[30.49641,39.7907767],[30.4964339,39.7907557],[30.4964965,39.7907309],[30.4965902,39.7907228],[30.496668,39.7907272],[30.4968273,39.7907636],[30.4968465,39.7907667]]}},{"type":"Feature","id":"way/213145656","properties":{"highway":"footway","osmType":"way","osmId":"213145656"},"geometry":{"type":"LineString","coordinates":[[30.4937763,39.7891882],[30.4938362,39.7891972],[30.4938711,39.7892096],[30.4939167,39.7892291],[30.493961,39.7892456],[30.4940441,39.7892487],[30.4940763,39.7892497],[30.4941286,39.7892436],[30.4941514,39.7892436],[30.4941997,39.7892343],[30.4942466,39.7892147],[30.4943029,39.7891982],[30.4943579,39.7891838],[30.4943968,39.789191],[30.494421,39.7891992],[30.4944652,39.7892229],[30.4945001,39.7892374],[30.4945269,39.7892497],[30.4945953,39.7892518],[30.4946677,39.7892291],[30.4949324,39.7891578],[30.4950847,39.789133]]}},{"type":"Feature","id":"way/213145666","properties":{"highway":"service","osmType":"way","osmId":"213145666"},"geometry":{"type":"LineString","coordinates":[[30.4933931,39.79223],[30.4935213,39.7926958]]}},{"type":"Feature","id":"way/213145680","properties":{"highway":"service","osmType":"way","osmId":"213145680"},"geometry":{"type":"LineString","coordinates":[[30.4950559,39.789022],[30.495958,39.7891169],[30.4961391,39.7885124]]}},{"type":"Feature","id":"way/213145708","properties":{"highway":"residential","osmType":"way","osmId":"213145708"},"geometry":{"type":"LineString","coordinates":[[30.4953925,39.7929319],[30.4951074,39.7929638],[30.493478,39.7932402]]}},{"type":"Feature","id":"way/213145733","properties":{"highway":"footway","osmType":"way","osmId":"213145733"},"geometry":{"type":"LineString","coordinates":[[30.4968138,39.7883421],[30.496884,39.78838],[30.4969011,39.7884267],[30.496903,39.7885214],[30.4968233,39.7892268]]}},{"type":"Feature","id":"way/213145761","properties":{"highway":"service","osmType":"way","osmId":"213145761"},"geometry":{"type":"LineString","coordinates":[[30.4972227,39.7891058],[30.4974853,39.7891175],[30.4979709,39.7891804],[30.4982039,39.7892103],[30.4986616,39.7892744],[30.4987034,39.789285],[30.4987397,39.7892986],[30.498771,39.7893183],[30.4987956,39.789343],[30.4988121,39.7893713],[30.4988198,39.7894018],[30.4988181,39.7894329],[30.4988072,39.7894628],[30.4985657,39.7898662],[30.4985426,39.7899471],[30.4985506,39.7900261],[30.4985709,39.7900551],[30.498597,39.7900813],[30.4986283,39.7901038],[30.498664,39.7901221],[30.498703,39.7901357],[30.4987445,39.7901443],[30.4987871,39.7901475],[30.4988299,39.7901454],[30.4988717,39.790138],[30.4989186,39.7901112],[30.4989529,39.7900738],[30.4990049,39.7900259],[30.4990674,39.789986],[30.4991383,39.7899556],[30.4992152,39.7899357],[30.4992956,39.7899269],[30.4996574,39.7899867],[30.4997283,39.7899624],[30.4997904,39.7899267],[30.4998406,39.7898812],[30.4998764,39.7898282],[30.4999583,39.7895774],[30.4999707,39.789557],[30.4999902,39.7895401],[30.5000151,39.7895281],[30.5000435,39.7895222],[30.5000729,39.7895228],[30.5001008,39.7895298]]}},{"type":"Feature","id":"way/213145777","properties":{"highway":"residential","osmType":"way","osmId":"213145777"},"geometry":{"type":"LineString","coordinates":[[30.4995587,39.791779],[30.4997741,39.7917814],[30.4998791,39.7917664],[30.4999807,39.7917412],[30.5000772,39.7917061],[30.500167,39.7916618],[30.5002487,39.7916089],[30.5003208,39.7915485],[30.5003822,39.7914814],[30.5005594,39.7910394],[30.5006612,39.7907483],[30.5006864,39.7906761]]}},{"type":"Feature","id":"way/213145780","properties":{"highway":"service","osmType":"way","osmId":"213145780"},"geometry":{"type":"LineString","coordinates":[[30.5005594,39.7910394],[30.5007641,39.7910964],[30.5006513,39.7914476],[30.5006209,39.7915957],[30.5005862,39.791926]]}},{"type":"Feature","id":"way/213145801","properties":{"highway":"residential","osmType":"way","osmId":"213145801"},"geometry":{"type":"LineString","coordinates":[[30.4973388,39.7903283],[30.4972227,39.7891058]]}},{"type":"Feature","id":"way/213145811","properties":{"highway":"residential","oneway":"yes","osmType":"way","osmId":"213145811"},"geometry":{"type":"LineString","coordinates":[[30.5056886,39.7901852],[30.5054759,39.7902835],[30.5053022,39.7903596],[30.5051285,39.7904357],[30.5044212,39.7907279],[30.5041061,39.7908527],[30.5037373,39.7909715],[30.5034883,39.791025],[30.5032317,39.791049],[30.5029734,39.7910428],[30.5027192,39.7910066],[30.5014521,39.7907664],[30.5009734,39.7906872],[30.5007533,39.7906787],[30.5006864,39.7906761]]}},{"type":"Feature","id":"way/213145829","properties":{"highway":"residential","osmType":"way","osmId":"213145829"},"geometry":{"type":"LineString","coordinates":[[30.4977372,39.7946819],[30.4977285,39.7947256],[30.4976507,39.7951164],[30.4976338,39.795201],[30.497647,39.7953021],[30.4976554,39.7953659],[30.4977499,39.7956846],[30.4977822,39.7959333],[30.4977967,39.7959616],[30.4978371,39.7960398]]}},{"type":"Feature","id":"way/213145849","properties":{"highway":"residential","osmType":"way","osmId":"213145849"},"geometry":{"type":"LineString","coordinates":[[30.4953925,39.7929319],[30.495475,39.7929024],[30.4955484,39.7928611],[30.49561,39.7928096],[30.4956574,39.7927499],[30.4956888,39.7926843]]}},{"type":"Feature","id":"way/216934677","properties":{"highway":"footway","osmType":"way","osmId":"216934677"},"geometry":{"type":"LineString","coordinates":[[30.4992687,39.7905237],[30.4994617,39.7905538],[30.4996716,39.7905888],[30.5000882,39.7906582],[30.5006612,39.7907483]]}},{"type":"Feature","id":"way/216934679","properties":{"highway":"footway","osmType":"way","osmId":"216934679"},"geometry":{"type":"LineString","coordinates":[[30.4985376,39.7907007],[30.4985849,39.7906648],[30.4986253,39.7906262],[30.498652,39.7905762]]}},{"type":"Feature","id":"way/217168902","properties":{"highway":"service","oneway":"yes","osmType":"way","osmId":"217168902"},"geometry":{"type":"LineString","coordinates":[[30.4988104,39.7929845],[30.4983806,39.7930484],[30.4982862,39.7930361],[30.4981968,39.7930098],[30.4981159,39.7929704],[30.4980467,39.7929195],[30.4973459,39.7923489],[30.4972969,39.7923121],[30.4972381,39.7922851],[30.4971728,39.7922693],[30.4969417,39.7922665],[30.4969026,39.7922627],[30.4968728,39.792243],[30.496862,39.7922139],[30.4968739,39.7921851]]}},{"type":"Feature","id":"way/243270321","properties":{"highway":"footway","osmType":"way","osmId":"243270321"},"geometry":{"type":"LineString","coordinates":[[30.4998764,39.7898282],[30.499946,39.7900299]]}},{"type":"Feature","id":"way/243270322","properties":{"highway":"service","osmType":"way","osmId":"243270322"},"geometry":{"type":"LineString","coordinates":[[30.4979799,39.7904033],[30.4980093,39.7902913]]}},{"type":"Feature","id":"way/252879985","properties":{"irrigation":"yes","source":"bing","waterway":"ditch","osmType":"way","osmId":"252879985"},"geometry":{"type":"LineString","coordinates":[[30.4971065,39.7877758],[30.4975255,39.7879256],[30.4986625,39.7881781],[30.499918,39.7883524],[30.500278,39.7883738],[30.5024085,39.7887263],[30.502643,39.7887904],[30.5028714,39.7888662],[30.5030928,39.7889536],[30.5033062,39.789052],[30.5052003,39.7901947]]}},{"type":"Feature","id":"way/275001627","properties":{"building":"university","name":"Rektörlük","osmType":"way","osmId":"275001627"},"geometry":{"type":"Polygon","coordinates":[[[30.4997048,39.7903486],[30.4996658,39.7903423],[30.4996603,39.7903623],[30.4990153,39.7902577],[30.4990796,39.7900232],[30.5001156,39.7901912],[30.5000512,39.7904257],[30.4997732,39.7903806],[30.4997787,39.7903606],[30.4997391,39.7903542],[30.4997236,39.7904108],[30.4997517,39.7904153],[30.499777,39.7904452],[30.4997571,39.7905176],[30.4997183,39.790537],[30.499627,39.7905222],[30.4996013,39.7904919],[30.499621,39.7904202],[30.4996604,39.7904005],[30.4996892,39.7904052],[30.4997048,39.7903486]]]}},{"type":"Feature","id":"way/275001635","properties":{"addr:street":"Anadolu Üniversitesi","building":"public","building:levels":"2","name":"Yemekhane","source":"Maxar Premium-Luftbilder (Beta)","osmType":"way","osmId":"275001635"},"geometry":{"type":"Polygon","coordinates":[[[30.4977843,39.7914232],[30.4983878,39.7914428],[30.4983595,39.7919581],[30.4977666,39.7919389],[30.4977701,39.7918743],[30.4976957,39.7918719],[30.4977167,39.7914885],[30.4977806,39.7914906],[30.4977843,39.7914232]]]}},{"type":"Feature","id":"way/276210242","properties":{"highway":"trunk_link","maxspeed":"70","oneway":"yes","surface":"asphalt","osmType":"way","osmId":"276210242"},"geometry":{"type":"LineString","coordinates":[[30.5051255,39.7899077],[30.5037999,39.7892181],[30.5033769,39.7890002],[30.5029237,39.7888072],[30.502666,39.7887158],[30.5002316,39.7880909]]}},{"type":"Feature","id":"way/345628020","properties":{"natural":"water","water":"pond","osmType":"way","osmId":"345628020"},"geometry":{"type":"Polygon","coordinates":[[[30.4986462,39.7899044],[30.4988933,39.7895085],[30.4988873,39.7894801],[30.4988895,39.7894514],[30.4988998,39.7894237],[30.4989176,39.7893984],[30.4989423,39.7893766],[30.4989724,39.7893595],[30.4990067,39.7893479],[30.4990434,39.7893423],[30.4990809,39.7893429],[30.4991173,39.7893498],[30.4994039,39.7893734],[30.4994401,39.789376],[30.4994762,39.7893719],[30.4995099,39.7893614],[30.4995394,39.7893451],[30.4996344,39.789239],[30.4996604,39.7892021],[30.4997017,39.7891745],[30.499753,39.78916],[30.4998076,39.7891604],[30.4998586,39.7891756],[30.4998992,39.7892037],[30.4999243,39.789241],[30.4999306,39.7892827],[30.4999173,39.7893234],[30.4998861,39.7893579],[30.4998411,39.7893817],[30.4997907,39.7893978],[30.4997567,39.7894332],[30.499733,39.7894732],[30.4997208,39.7895161],[30.4997204,39.7895601],[30.499732,39.7896031],[30.4996433,39.7898174],[30.4996214,39.7898339],[30.4995947,39.7898456],[30.4995651,39.7898517],[30.4995335,39.789853],[30.4994475,39.7898261],[30.499356,39.7898137],[30.4992632,39.7898166],[30.4991732,39.7898345],[30.4990903,39.7898666],[30.4990181,39.7899115],[30.4989604,39.7899673],[30.498933,39.7899927],[30.4988983,39.7900121],[30.4988584,39.7900242],[30.4988159,39.7900282],[30.4987734,39.790024],[30.4987336,39.7900117],[30.498699,39.7899922],[30.4986719,39.7899667],[30.4986539,39.7899368],[30.4986462,39.7899044]]]}},{"type":"Feature","id":"way/374187004","properties":{"building":"yes","name":"Teknopark","osmType":"way","osmId":"374187004"},"geometry":{"type":"Polygon","coordinates":[[[30.4970888,39.7953741],[30.4973792,39.7954205],[30.497433,39.7952212],[30.497209,39.7951855],[30.4971947,39.7952385],[30.4971366,39.7952292],[30.4971435,39.7952034],[30.4969932,39.7951794],[30.4969863,39.7952053],[30.4969175,39.7951943],[30.4968707,39.7953674],[30.4970658,39.7953985],[30.4970806,39.7953435],[30.4970964,39.795346],[30.4970888,39.7953741]]]}},{"type":"Feature","id":"way/374187005","properties":{"amenity":"cinema","building":"yes","name":"Sinema Anadolu","osmType":"way","osmId":"374187005"},"geometry":{"type":"Polygon","coordinates":[[[30.501366,39.790093],[30.5013083,39.7902923],[30.5014303,39.7903132],[30.5014381,39.7902864],[30.5015311,39.7903022],[30.5014487,39.7905866],[30.5013327,39.7905668],[30.5013227,39.7906014],[30.5011275,39.7905681],[30.5011477,39.7904981],[30.5009249,39.79046],[30.5010367,39.7900737],[30.5011263,39.790052],[30.501366,39.790093]]]}},{"type":"Feature","id":"way/374187006","properties":{"highway":"residential","osmType":"way","osmId":"374187006"},"geometry":{"type":"LineString","coordinates":[[30.5078905,39.7928582],[30.5078927,39.7928284],[30.5078902,39.7927987],[30.5078853,39.7927698],[30.5078746,39.792748],[30.5078566,39.792728],[30.5078167,39.792697],[30.5077734,39.7926701],[30.5077291,39.7926501],[30.5076806,39.7926364],[30.5076311,39.7926252],[30.5071485,39.7925598],[30.5069914,39.7925233],[30.5068776,39.792487],[30.5067723,39.7924378],[30.5066782,39.7923766],[30.5061947,39.7919868],[30.5055507,39.7915595],[30.5045977,39.7910758],[30.5041262,39.7908618],[30.5041061,39.7908527],[30.5040157,39.7908088]]}},{"type":"Feature","id":"way/374187007","properties":{"bridge":"yes","highway":"residential","layer":"1","osmType":"way","osmId":"374187007"},"geometry":{"type":"LineString","coordinates":[[30.5078513,39.7930538],[30.5078905,39.7928582]]}},{"type":"Feature","id":"way/374187009","properties":{"irrigation":"yes","layer":"-1","source":"bing","tunnel":"culvert","waterway":"ditch","osmType":"way","osmId":"374187009"},"geometry":{"type":"LineString","coordinates":[[30.5052003,39.7901947],[30.5054964,39.7903568]]}},{"type":"Feature","id":"way/374262146","properties":{"building":"yes","name":"BİBAM (Bitki İlaç ve Bilimsel Araştırmalar Merkezi)","osmType":"way","osmId":"374262146"},"geometry":{"type":"Polygon","coordinates":[[[30.4932829,39.7905952],[30.4930224,39.7906986],[30.4930025,39.790669],[30.4932136,39.7905852],[30.493129,39.7904594],[30.4927176,39.7906226],[30.4928021,39.7907484],[30.4929509,39.7906894],[30.4929708,39.790719],[30.4929218,39.7907385],[30.4930769,39.7909694],[30.4934381,39.7908261],[30.4932829,39.7905952]]]}},{"type":"Feature","id":"way/374262147","properties":{"building":"yes","name":"Fen bilimleri Enstitüsü","osmType":"way","osmId":"374262147"},"geometry":{"type":"Polygon","coordinates":[[[30.497159,39.7900439],[30.49725,39.7900848],[30.4972495,39.7901658],[30.497158,39.7902059],[30.4970669,39.7901651],[30.4970684,39.7900198],[30.4970224,39.7899992],[30.4970228,39.7899182],[30.4971144,39.789878],[30.4972054,39.7899188],[30.497205,39.7899998],[30.497159,39.79002],[30.497159,39.7900439]]]}},{"type":"Feature","id":"way/374262148","properties":{"building":"university","name":"Turizm Fakültesi","osmType":"way","osmId":"374262148"},"geometry":{"type":"Polygon","coordinates":[[[30.4923395,39.7930495],[30.4922468,39.7930503],[30.4922501,39.7932805],[30.4923596,39.7932795],[30.49236,39.7933063],[30.4921871,39.7933078],[30.4921895,39.7934758],[30.4923624,39.7934744],[30.4923628,39.7935011],[30.4922532,39.793502],[30.4922553,39.7936491],[30.492641,39.7936459],[30.4926401,39.7935851],[30.4926793,39.7935848],[30.4926781,39.7934984],[30.4924985,39.7934999],[30.4924954,39.7932784],[30.492574,39.7932777],[30.4925707,39.7930476],[30.4924784,39.7930484],[30.492479,39.7930867],[30.4924444,39.793087],[30.4924432,39.7930039],[30.4923734,39.7930045],[30.4923746,39.7930875],[30.4923401,39.7930878],[30.4923395,39.7930495]]]}},{"type":"Feature","id":"way/374262149","properties":{"building":"yes","osmType":"way","osmId":"374262149"},"geometry":{"type":"Polygon","coordinates":[[[30.4978853,39.793427],[30.4979153,39.7933451],[30.4980972,39.7933732],[30.4980749,39.7934585],[30.4978853,39.793427]]]}},{"type":"Feature","id":"way/374262151","properties":{"building":"yes","osmType":"way","osmId":"374262151"},"geometry":{"type":"Polygon","coordinates":[[[30.4988089,39.7934852],[30.4988374,39.7933753],[30.4983785,39.7933051],[30.49835,39.7934149],[30.4988089,39.7934852]]]}},{"type":"Feature","id":"way/374262152","properties":{"addr:city":"Eskişehir","addr:district":"Tepebaşı","addr:neighbourhood":"Yeşiltepe","addr:postcode":"26210","addr:street":"Anadolu Üniversitesi","building":"university","name":"Sağlık Bilimleri Fakültesi","osmType":"way","osmId":"374262152"},"geometry":{"type":"Polygon","coordinates":[[[30.4942184,39.7921211],[30.4941511,39.7921331],[30.4940637,39.7921126],[30.4940301,39.792154],[30.4940206,39.7921224],[30.4935514,39.7922064],[30.4935623,39.7922424],[30.4935046,39.7922148],[30.493473,39.7922538],[30.4935308,39.7922814],[30.4935457,39.7923307],[30.4935106,39.792337],[30.4935741,39.7925463],[30.4936092,39.79254],[30.4936213,39.7925797],[30.4936041,39.7926233],[30.4936451,39.7926569],[30.49393,39.7926059],[30.4939066,39.7925286],[30.4937541,39.7925559],[30.493742,39.7925162],[30.4937775,39.7925099],[30.4937363,39.7923741],[30.4937707,39.7923317],[30.4939319,39.792303],[30.4939871,39.7923295],[30.494028,39.792465],[30.4940561,39.79246],[30.4940824,39.7925471],[30.494146,39.7925358],[30.4941991,39.7924704],[30.4941888,39.7924363],[30.4942398,39.7924272],[30.4941766,39.7922177],[30.4942437,39.7922057],[30.4943027,39.7924037],[30.4946016,39.7923511],[30.4945426,39.7921531],[30.49461,39.7921413],[30.4946725,39.792351],[30.4947236,39.792342],[30.4947338,39.7923761],[30.4948187,39.792417],[30.4948823,39.7924058],[30.4948563,39.7923186],[30.4948845,39.7923136],[30.494844,39.7921781],[30.4948787,39.7921357],[30.4950399,39.7921073],[30.495095,39.7921339],[30.4951353,39.7922698],[30.4951708,39.7922636],[30.4951826,39.7923034],[30.4950299,39.7923301],[30.4950528,39.7924074],[30.4953381,39.7923575],[30.4953558,39.7923135],[30.4953156,39.7922801],[30.4953038,39.7922403],[30.4953389,39.7922342],[30.4952769,39.7920247],[30.4952417,39.7920308],[30.495227,39.7919814],[30.4952632,39.7919372],[30.4952127,39.7919128],[30.4951765,39.791957],[30.4951658,39.791921],[30.4946961,39.7920031],[30.4947055,39.7920348],[30.4946517,39.7920088],[30.4945848,39.7920566],[30.4945174,39.7920685],[30.4945002,39.792011],[30.4944327,39.7920228],[30.4944257,39.7919994],[30.4942993,39.7920217],[30.4943062,39.7920451],[30.4942013,39.7920636],[30.4942184,39.7921211]]]}},{"type":"Feature","id":"way/374480090","properties":{"building":"yes","name":"Atölyeler","osmType":"way","osmId":"374480090"},"geometry":{"type":"Polygon","coordinates":[[[30.5000638,39.7935805],[30.502173,39.7937142],[30.5021479,39.7939486],[30.5018594,39.7939303],[30.5018465,39.7940499],[30.5000258,39.7939345],[30.5000638,39.7935805]]]}},{"type":"Feature","id":"way/374480091","properties":{"building":"university","name":"Staj ve Uygulama Dersleri Koordinatörlüğü","osmType":"way","osmId":"374480091"},"geometry":{"type":"Polygon","coordinates":[[[30.4984686,39.7925468],[30.4984224,39.7925813],[30.4984464,39.7926003],[30.4984209,39.7926194],[30.4984373,39.7926323],[30.4983999,39.7926602],[30.4984196,39.7926758],[30.4984187,39.7927243],[30.4985598,39.7926189],[30.4985766,39.7926245],[30.4985948,39.7926247],[30.4986117,39.7926195],[30.4986247,39.7926097],[30.4986319,39.7925969],[30.4986322,39.7925829],[30.4986254,39.79257],[30.4987692,39.7924626],[30.4987068,39.7924619],[30.4986012,39.7923784],[30.4985808,39.7923623],[30.4984918,39.7922919],[30.4984629,39.7922632],[30.4983486,39.7923511],[30.4983319,39.7923456],[30.4983137,39.7923453],[30.4982968,39.7923505],[30.4982838,39.7923602],[30.4982765,39.7923731],[30.4982763,39.792387],[30.498283,39.7924],[30.4981419,39.7925054],[30.498205,39.7925061],[30.4982294,39.7925254],[30.4982668,39.7924975],[30.4982828,39.7925101],[30.4983083,39.7924911],[30.4983326,39.7925103],[30.4983788,39.7924758],[30.4983805,39.7925014],[30.4983927,39.7925213],[30.4984132,39.7925367],[30.4984395,39.7925456],[30.4984686,39.7925468]]]}},{"type":"Feature","id":"way/374480092","properties":{"addr:city":"Yeşiltepe Mahallesi","addr:housenumber":"2","addr:neighbourhood":"Yeşiltepe","addr:street":"Anadolu Üniversitei","building":"university","name":"İletişim Fakültesi","osmType":"way","osmId":"374480092"},"geometry":{"type":"Polygon","coordinates":[[[30.4935085,39.7948195],[30.4935684,39.7947101],[30.4935592,39.7947064],[30.4935309,39.7946928],[30.493504,39.7946776],[30.4934787,39.794661],[30.493455,39.794643],[30.4934331,39.7946237],[30.4934132,39.7946032],[30.4933952,39.7945816],[30.4933794,39.7945591],[30.4933658,39.7945357],[30.4933544,39.7945116],[30.4933455,39.794487],[30.4933389,39.7944619],[30.4933347,39.7944365],[30.493333,39.7944109],[30.4933338,39.7943853],[30.493337,39.7943598],[30.4933426,39.7943346],[30.493349,39.7943149],[30.4932421,39.7942806],[30.493238,39.7942552],[30.4932363,39.7942297],[30.493237,39.7942041],[30.4932402,39.7941786],[30.4932459,39.7941533],[30.493254,39.7941285],[30.4932644,39.7941042],[30.4932771,39.7940805],[30.4932898,39.7940611],[30.4933059,39.7940649],[30.493337,39.7940743],[30.493367,39.7940854],[30.4933959,39.7940981],[30.4934235,39.7941125],[30.4934496,39.7941284],[30.4934742,39.7941457],[30.493497,39.7941644],[30.4935179,39.7941843],[30.4935245,39.7941916],[30.4934797,39.7942736],[30.4934926,39.7942794],[30.4935202,39.7942937],[30.4935464,39.7943096],[30.4935709,39.7943269],[30.4935937,39.7943456],[30.4936146,39.7943655],[30.4936336,39.7943866],[30.4936505,39.7944087],[30.4936652,39.7944316],[30.4936777,39.7944554],[30.4936879,39.7944798],[30.4936957,39.7945047],[30.4937011,39.7945299],[30.493704,39.7945554],[30.4937045,39.7945811],[30.4937025,39.7946066],[30.493698,39.794632],[30.4936912,39.7946571],[30.4936819,39.7946817],[30.4936703,39.7947057],[30.4936565,39.7947289],[30.4936507,39.794737],[30.4936213,39.7947291],[30.4935667,39.7948294],[30.4939607,39.7948962],[30.4939767,39.7948404],[30.4942894,39.7948934],[30.4942412,39.7950611],[30.4941617,39.7950476],[30.4941466,39.7951],[30.4942261,39.7951135],[30.4941724,39.7953006],[30.4940381,39.7952779],[30.4940816,39.7951264],[30.4940074,39.7951138],[30.4939778,39.7952168],[30.4938191,39.7951899],[30.4938487,39.7950869],[30.4937573,39.7950714],[30.4937277,39.7951744],[30.4934481,39.795127],[30.4934777,39.7950239],[30.4934033,39.7950113],[30.493352,39.7951899],[30.4932177,39.7951671],[30.493269,39.7949885],[30.4931777,39.7949731],[30.4931481,39.7950761],[30.4929942,39.79505],[30.4930306,39.7949232],[30.4927554,39.7948765],[30.492719,39.7950033],[30.4926487,39.7949914],[30.4926195,39.7950934],[30.4921968,39.7950217],[30.4923291,39.794561],[30.4926188,39.7946101],[30.4926275,39.7945797],[30.4923645,39.7945351],[30.4924088,39.7943809],[30.4929664,39.7944755],[30.4929221,39.7946297],[30.4928308,39.7946142],[30.4927757,39.7948061],[30.4930509,39.7948527],[30.4931009,39.7946785],[30.4933028,39.7947127],[30.4932831,39.7947813],[30.4935085,39.7948195]]]}},{"type":"Feature","id":"way/374499039","properties":{"building":"university","name":"Endüstriyel Sanatlar Yüksekokulu ve Heykel Bölümü Atölyeleri","osmType":"way","osmId":"374499039"},"geometry":{"type":"Polygon","coordinates":[[[30.4944938,39.7906711],[30.4952317,39.7905395],[30.4952736,39.790678],[30.4953197,39.7908305],[30.495282,39.7908372],[30.4953181,39.7909569],[30.4945131,39.7911005],[30.4944684,39.7909524],[30.4951125,39.7908375],[30.4950736,39.7907088],[30.4944295,39.7908237],[30.4943948,39.790709],[30.4944995,39.7906903],[30.4944938,39.7906711]]]}},{"type":"Feature","id":"way/374499040","properties":{"addr:city":"Eskişehir","addr:neighbourhood":"Anadolu Üniversitesi, Yabancı Diller Yüksekokulu, Yunus Emre Kampüsü 26470 Tepebaşı/Eskişehir","addr:postcode":"26470","building":"university","image":"https://avatars.mds.yandex.net/get-altay/2436798/2a0000018225ab349d6be2845dd4c6e69933/XXXL","name":"Anadolu Üniversitesi Yabancı Diller Yüksekokulu","source":"Maxar Premium-Luftbilder (Beta)","website":"https://ydyo.anadolu.edu.tr/","osmType":"way","osmId":"374499040"},"geometry":{"type":"Polygon","coordinates":[[[30.4952386,39.7886084],[30.4952689,39.7884436],[30.496092,39.7885438],[30.4960657,39.7886817],[30.4960154,39.7886763],[30.4960001,39.788725],[30.4960319,39.7887316],[30.4959556,39.789051],[30.4957534,39.7890414],[30.4957157,39.7890362],[30.4957083,39.7890562],[30.4956398,39.7890478],[30.4955222,39.7890329],[30.4955505,39.7888794],[30.4957526,39.7889016],[30.4957413,39.7889729],[30.4957662,39.7889776],[30.4958285,39.7886963],[30.4958557,39.7886967],[30.4958589,39.7886707],[30.4952386,39.7886084]]]}},{"type":"Feature","id":"way/374499041","properties":{"addr:city":"Eskişehir","addr:district":"Tepebaşı","addr:neighbourhood":"Yeşiltepe","addr:postcode":"26210","addr:street":"Anadolu Üniversitesi","building":"yes","osmType":"way","osmId":"374499041"},"geometry":{"type":"Polygon","coordinates":[[[30.4969619,39.7918549],[30.4974121,39.791864],[30.4974245,39.7915008],[30.4971823,39.7914959],[30.4971813,39.7915263],[30.4970663,39.791524],[30.4970649,39.7915658],[30.4969719,39.7915639],[30.4969619,39.7918549]]]}},{"type":"Feature","id":"way/374525180","properties":{"highway":"residential","oneway":"yes","osmType":"way","osmId":"374525180"},"geometry":{"type":"LineString","coordinates":[[30.5006864,39.7906761],[30.5006127,39.7906493],[30.5005007,39.7906086],[30.5002208,39.7905616],[30.5001129,39.7905552],[30.5000829,39.7905534],[30.5000514,39.7905383],[30.5000375,39.7905119],[30.5000464,39.7904842],[30.5000748,39.7904659],[30.5001118,39.7904638],[30.5002395,39.7904958],[30.5005202,39.7905429],[30.5006428,39.7905571],[30.500717,39.7905656]]}},{"type":"Feature","id":"way/374525181","properties":{"highway":"residential","oneway":"yes","osmType":"way","osmId":"374525181"},"geometry":{"type":"LineString","coordinates":[[30.500717,39.7905656],[30.5007812,39.7905786],[30.5009936,39.7906217],[30.5014697,39.7907005],[30.5027399,39.790941],[30.5029828,39.7909756],[30.5032278,39.7909815],[30.5034711,39.7909588],[30.5037084,39.7909078],[30.5040157,39.7908088],[30.504069,39.7907916],[30.5043804,39.7906682],[30.5050695,39.7903923],[30.5052439,39.7903164],[30.5053628,39.790261],[30.5053958,39.7902428],[30.5054211,39.7902222],[30.5054441,39.7901942],[30.5054607,39.7901628],[30.5055412,39.7900912]]}},{"type":"Feature","id":"way/374525184","properties":{"highway":"footway","osmType":"way","osmId":"374525184"},"geometry":{"type":"LineString","coordinates":[[30.5027506,39.789356],[30.5029024,39.7893196],[30.5029858,39.7893108],[30.5031186,39.7893254],[30.50324,39.7893589],[30.5033196,39.7893954],[30.5033272,39.7894347],[30.5032684,39.789493],[30.5031698,39.7896489],[30.503092,39.7897203],[30.5030389,39.7897612],[30.5030067,39.7897903],[30.5029951,39.7898214],[30.5030162,39.7898588],[30.5032855,39.7900025],[30.5033708,39.7900404],[30.5034012,39.7900513],[30.5034495,39.7900455],[30.5035026,39.7900353],[30.5035681,39.7900127],[30.5036373,39.7899697],[30.5036724,39.789923],[30.5037369,39.7898582],[30.5038184,39.7898152],[30.5039493,39.7897808],[30.5040365,39.7897779],[30.5041939,39.7898391],[30.5045733,39.7900563],[30.5049956,39.790352],[30.5050695,39.7903923]]}},{"type":"Feature","id":"way/374525188","properties":{"highway":"residential","osmType":"way","osmId":"374525188"},"geometry":{"type":"LineString","coordinates":[[30.4953925,39.7929319],[30.4954863,39.792942],[30.4955772,39.7929613],[30.495664,39.7929865],[30.4957449,39.7930164],[30.4958088,39.7930438]]}},{"type":"Feature","id":"way/374525189","properties":{"highway":"footway","osmType":"way","osmId":"374525189"},"geometry":{"type":"LineString","coordinates":[[30.5036205,39.7915008],[30.503503,39.7926327],[30.5036367,39.7927677],[30.5037854,39.7927759]]}},{"type":"Feature","id":"way/374525190","properties":{"highway":"service","osmType":"way","osmId":"374525190"},"geometry":{"type":"LineString","coordinates":[[30.5026722,39.7899842],[30.5025904,39.7902601]]}},{"type":"Feature","id":"way/374533929","properties":{"highway":"service","osmType":"way","osmId":"374533929"},"geometry":{"type":"LineString","coordinates":[[30.4980677,39.7902964],[30.4980093,39.7902913],[30.4980609,39.7900717],[30.4983061,39.7900994],[30.4982779,39.7902255],[30.4980677,39.7902964]]}},{"type":"Feature","id":"way/374533930","properties":{"highway":"service","osmType":"way","osmId":"374533930"},"geometry":{"type":"LineString","coordinates":[[30.5007255,39.7898622],[30.5006964,39.7898449],[30.5006841,39.7898183],[30.5006925,39.7897908],[30.5007189,39.7897711],[30.5007549,39.7897656],[30.5007891,39.7897759],[30.5008107,39.7897987],[30.5008127,39.7898269],[30.5007946,39.7898515],[30.5007621,39.7898647],[30.5007255,39.7898622]]}},{"type":"Feature","id":"way/374533931","properties":{"highway":"service","osmType":"way","osmId":"374533931"},"geometry":{"type":"LineString","coordinates":[[30.5045977,39.7910758],[30.5046201,39.7913367],[30.5045789,39.7916002],[30.5044838,39.7919407],[30.5044761,39.7920002],[30.5044892,39.7920591],[30.504522,39.7921132],[30.5045722,39.7921588],[30.5053037,39.7925851],[30.5053552,39.7925992],[30.5054098,39.7926018],[30.5054632,39.7925929],[30.5055114,39.792573],[30.5061947,39.7919868]]}},{"type":"Feature","id":"way/374533933","properties":{"highway":"service","osmType":"way","osmId":"374533933"},"geometry":{"type":"LineString","coordinates":[[30.4958655,39.7916245],[30.4968064,39.7916229]]}},{"type":"Feature","id":"way/374533934","properties":{"highway":"footway","osmType":"way","osmId":"374533934"},"geometry":{"type":"LineString","coordinates":[[30.4932076,39.7892545],[30.4934487,39.7892441],[30.4935238,39.789242],[30.4936029,39.7892389],[30.4936874,39.7892276],[30.4937518,39.789207],[30.4937763,39.7891882],[30.493788,39.7891791],[30.4938175,39.7891431],[30.4938671,39.7891204],[30.4939154,39.7891039],[30.4939422,39.7890895],[30.4939811,39.7890575],[30.4940147,39.7890421],[30.4942681,39.7889916],[30.4943781,39.7889751],[30.4944344,39.7889844],[30.4944948,39.789006],[30.4946203,39.7890346],[30.4950693,39.7890737]]}},{"type":"Feature","id":"way/374533935","properties":{"highway":"footway","osmType":"way","osmId":"374533935"},"geometry":{"type":"LineString","coordinates":[[30.4935613,39.7893229],[30.4936404,39.7893178],[30.4937035,39.7893229],[30.4937504,39.7893497],[30.4938148,39.789394],[30.4938738,39.7894311],[30.49391,39.7894528],[30.4939462,39.7894641],[30.4939891,39.7894672],[30.4940414,39.78946],[30.4940723,39.7894497],[30.4940991,39.7894352],[30.494146,39.7894012],[30.4941782,39.7893662],[30.4941997,39.7893167],[30.4942319,39.7893002],[30.4942976,39.7892858],[30.4943177,39.7892889],[30.4943392,39.7893023],[30.4943539,39.789326],[30.4943822,39.7893712],[30.4944171,39.7894041],[30.4944586,39.789434],[30.4945913,39.7895371]]}},{"type":"Feature","id":"way/374533936","properties":{"highway":"service","osmType":"way","osmId":"374533936"},"geometry":{"type":"LineString","coordinates":[[30.5006428,39.7905571],[30.5006954,39.7903105],[30.5007946,39.7898515]]}},{"type":"Feature","id":"way/374533937","properties":{"highway":"footway","osmType":"way","osmId":"374533937"},"geometry":{"type":"LineString","coordinates":[[30.4996574,39.7899867],[30.499946,39.7900299],[30.5002842,39.7900845]]}},{"type":"Feature","id":"way/374533938","properties":{"highway":"residential","oneway":"yes","osmType":"way","osmId":"374533938"},"geometry":{"type":"LineString","coordinates":[[30.4927425,39.7890127],[30.4932076,39.7892545],[30.4939704,39.7896403],[30.494057,39.7896841],[30.4946405,39.7899408],[30.4951846,39.7901801]]}},{"type":"Feature","id":"way/374533939","properties":{"highway":"residential","name":"Anadolu Üniversitesi","osmType":"way","osmId":"374533939"},"geometry":{"type":"LineString","coordinates":[[30.4943772,39.790263],[30.4943657,39.7903746],[30.4943401,39.7904535],[30.4942961,39.7905212],[30.4942359,39.7905811],[30.4941616,39.7906308],[30.493877,39.7907775],[30.4935331,39.7909547],[30.4934515,39.7909967],[30.4931996,39.7911265],[30.4931319,39.7911746],[30.4930693,39.7912265],[30.4930119,39.7912819],[30.4929603,39.7913405],[30.4929146,39.791402],[30.4928752,39.791466],[30.4928551,39.7915063],[30.4928422,39.7915321],[30.492816,39.7916],[30.4927965,39.7916692],[30.492784,39.7917393],[30.4927785,39.79181],[30.4927801,39.7918801],[30.4927801,39.7918808],[30.4927887,39.7919513],[30.4928412,39.7920555],[30.4929733,39.7923174],[30.4932616,39.7928446],[30.493478,39.7932402],[30.4938053,39.7938387],[30.4938534,39.7939147],[30.4939095,39.7939828],[30.4939736,39.7940465],[30.4940451,39.7941054],[30.4941234,39.7941589],[30.4942079,39.7942066],[30.4942718,39.794236],[30.4942978,39.794248],[30.4943924,39.7942828],[30.4948976,39.7944128],[30.495027,39.7944396],[30.496316,39.7947072],[30.496933,39.7948529],[30.4970765,39.7948606],[30.4971252,39.794857],[30.497218,39.79485],[30.4973568,39.7948264],[30.4974909,39.7947901],[30.4976183,39.7947417],[30.4977372,39.7946819],[30.4983424,39.794314],[30.4984104,39.794263],[30.4989121,39.7938864],[30.4990305,39.7937975],[30.4992396,39.7936042],[30.4993837,39.7934351],[30.4994444,39.793234],[30.4994707,39.792925],[30.4994784,39.7928372],[30.4994829,39.7927781],[30.4995467,39.7919374],[30.4995587,39.791779]]}},{"type":"Feature","id":"way/374533940","properties":{"highway":"service","osmType":"way","osmId":"374533940"},"geometry":{"type":"LineString","coordinates":[[30.4968948,39.7902934],[30.4968465,39.7907667],[30.4970606,39.7908015],[30.4971156,39.7908292],[30.4971649,39.7908467],[30.4972711,39.7908583],[30.4973811,39.7908598],[30.497515,39.7908873]]}},{"type":"Feature","id":"way/374533941","properties":{"highway":"service","osmType":"way","osmId":"374533941"},"geometry":{"type":"LineString","coordinates":[[30.4943657,39.7903746],[30.4944826,39.7904495],[30.4946161,39.7904954],[30.4947607,39.7905127],[30.4949061,39.7905002],[30.4950421,39.7904587],[30.4951591,39.7903912],[30.4952489,39.7903024]]}},{"type":"Feature","id":"way/374591219","properties":{"building":"yes","name":"ETV","osmType":"way","osmId":"374591219"},"geometry":{"type":"Polygon","coordinates":[[[30.5012663,39.7899961],[30.5011263,39.790052],[30.5010367,39.7900737],[30.5008784,39.7899298],[30.5009281,39.7897577],[30.501147,39.7897048],[30.501316,39.789824],[30.5012663,39.7899961]]]}},{"type":"Feature","id":"way/374591220","properties":{"building":"yes","name":"Misafirhane","osmType":"way","osmId":"374591220"},"geometry":{"type":"Polygon","coordinates":[[[30.5016283,39.7891822],[30.5016489,39.789051],[30.5020582,39.789089],[30.5020376,39.7892202],[30.5016283,39.7891822]]]}},{"type":"Feature","id":"way/374591221","properties":{"building":"yes","source":"Maxar Premium-Luftbilder (Beta)","osmType":"way","osmId":"374591221"},"geometry":{"type":"Polygon","coordinates":[[[30.502794,39.7902567],[30.5030954,39.7903139],[30.5031328,39.7901976],[30.5028313,39.7901404],[30.502794,39.7902567]]]}},{"type":"Feature","id":"way/374591222","properties":{"building":"yes","layer":"1","name":"Vehbi Koç Araştırma Merkezi","office":"research","source":"Maxar Premium-Luftbilder (Beta)","osmType":"way","osmId":"374591222"},"geometry":{"type":"Polygon","coordinates":[[[30.5030268,39.7906023],[30.503275,39.790653],[30.503256,39.7907079],[30.5032991,39.7907167],[30.5032252,39.7909305],[30.503103,39.7909055],[30.5030921,39.7909371],[30.5029808,39.7909144],[30.5030513,39.7907106],[30.5029934,39.7906988],[30.5030268,39.7906023]]]}},{"type":"Feature","id":"way/374591223","properties":{"building":"university","name":"Yabancı Diller Yüksekokulu-2","source":"Maxar Premium-Luftbilder (Beta)","osmType":"way","osmId":"374591223"},"geometry":{"type":"Polygon","coordinates":[[[30.5022108,39.7902964],[30.5027035,39.790391],[30.5026447,39.7905719],[30.5018368,39.7904167],[30.5018209,39.7904654],[30.5016209,39.790427],[30.5016713,39.7902719],[30.5018714,39.7903103],[30.5018576,39.7903528],[30.5019166,39.7903641],[30.5019546,39.7902472],[30.5021167,39.7902783],[30.5021393,39.7902089],[30.5018729,39.7901578],[30.5019223,39.7900057],[30.5021888,39.7900569],[30.5022179,39.7899674],[30.5024167,39.7900056],[30.5023616,39.7901749],[30.5022568,39.7901548],[30.5022108,39.7902964]]]}},{"type":"Feature","id":"way/374591227","properties":{"building":"yes","name":"Otel Anadolu","source":"Maxar Premium-Luftbilder (Beta)","tourism":"hotel","osmType":"way","osmId":"374591227"},"geometry":{"type":"Polygon","coordinates":[[[30.4983741,39.7900624],[30.498407,39.7899298],[30.4980071,39.7898712],[30.4980375,39.7897491],[30.4977867,39.7897123],[30.4977473,39.7898711],[30.4973548,39.7898136],[30.4973403,39.7898721],[30.4973177,39.7898687],[30.4973036,39.7899254],[30.4973665,39.7899347],[30.4973598,39.7899616],[30.4973925,39.7900029],[30.4974463,39.7900108],[30.497455,39.7899756],[30.4977269,39.7900155],[30.497701,39.7901195],[30.497852,39.7901417],[30.4978451,39.7901693],[30.4979137,39.7901794],[30.4979579,39.7900014],[30.4983741,39.7900624]]]}},{"type":"Feature","id":"way/374591228","properties":{"building":"university","name":"İletişim Bilimleri Fakültesi","osmType":"way","osmId":"374591228"},"geometry":{"type":"Polygon","coordinates":[[[30.5008456,39.789491],[30.5003967,39.7894088],[30.5004023,39.7893908],[30.5002481,39.7893626],[30.5002188,39.7894572],[30.5002656,39.7894658],[30.5002178,39.78962],[30.5000477,39.7895888],[30.5000092,39.7897131],[30.5000326,39.7897174],[30.5000073,39.7897991],[30.5002662,39.7898465],[30.5002779,39.7898088],[30.5005997,39.7898677],[30.5006212,39.7897984],[30.5006456,39.7898028],[30.5006686,39.7897289],[30.5004995,39.789698],[30.5005091,39.7896672],[30.5004687,39.7896598],[30.5004783,39.7896289],[30.5004383,39.7896216],[30.5004478,39.7895911],[30.5007949,39.7896546],[30.5008456,39.789491]]]}},{"type":"Feature","id":"way/374680874","properties":{"highway":"residential","osmType":"way","osmId":"374680874"},"geometry":{"type":"LineString","coordinates":[[30.4928551,39.7915063],[30.4932223,39.7914434],[30.4936903,39.7913633],[30.4954471,39.7910626]]}},{"type":"Feature","id":"way/374680876","properties":{"highway":"service","osmType":"way","osmId":"374680876"},"geometry":{"type":"LineString","coordinates":[[30.4967653,39.7954847],[30.4972411,39.7955609],[30.4976554,39.7953659]]}},{"type":"Feature","id":"way/374680877","properties":{"highway":"footway","osmType":"way","osmId":"374680877"},"geometry":{"type":"LineString","coordinates":[[30.4961391,39.7885124],[30.4962451,39.7885027],[30.496374,39.7884998],[30.4965353,39.788571],[30.4964428,39.7893516],[30.4964087,39.7902548]]}},{"type":"Feature","id":"way/374737451","properties":{"building":"warehouse","name":"Ayniyat Depoları","osmType":"way","osmId":"374737451"},"geometry":{"type":"Polygon","coordinates":[[[30.5027204,39.793292],[30.5030263,39.7933001],[30.503029,39.7932391],[30.5034689,39.7932507],[30.5034717,39.79319],[30.5039006,39.7932014],[30.5039034,39.79314],[30.5041959,39.7931477],[30.5042045,39.7929564],[30.5037118,39.7929433],[30.5027372,39.7929175],[30.5027204,39.793292]]]}},{"type":"Feature","id":"way/374737452","properties":{"building":"yes","name":"Basımevi 2","osmType":"way","osmId":"374737452"},"geometry":{"type":"Polygon","coordinates":[[[30.5014172,39.7930898],[30.5018051,39.793121],[30.5018425,39.7928459],[30.5018518,39.7927781],[30.5014639,39.7927469],[30.5014172,39.7930898]]]}},{"type":"Feature","id":"way/374737458","properties":{"highway":"service","osmType":"way","osmId":"374737458"},"geometry":{"type":"LineString","coordinates":[[30.4938534,39.7939147],[30.4948229,39.793739]]}},{"type":"Feature","id":"way/374982335","properties":{"building":"yes","name":"Anadolu Haber- Radyo A","osmType":"way","osmId":"374982335"},"geometry":{"type":"Polygon","coordinates":[[[30.5003438,39.792001],[30.500349,39.7919529],[30.5003215,39.7919512],[30.5003448,39.7917327],[30.5005597,39.7917462],[30.5005364,39.7919647],[30.5005086,39.791963],[30.5005035,39.7920111],[30.5003438,39.792001]]]}},{"type":"Feature","id":"way/374982336","properties":{"amenity":"arts_centre","building":"yes","name":"Atatürk Kültür ve Sanat Merkezi","osmType":"way","osmId":"374982336"},"geometry":{"type":"Polygon","coordinates":[[[30.4997823,39.7908711],[30.5002881,39.7909617],[30.5002099,39.7912196],[30.5003104,39.7912376],[30.5002347,39.7914872],[30.5000743,39.7914584],[30.5000605,39.7915039],[30.4998949,39.7914743],[30.4999087,39.7914288],[30.4995759,39.7913691],[30.4997038,39.7909478],[30.4997562,39.7909572],[30.4997823,39.7908711]]]}},{"type":"Feature","id":"way/374982337","properties":{"building":"yes","name":"Atölyeler Müdürlüğü","osmType":"way","osmId":"374982337"},"geometry":{"type":"Polygon","coordinates":[[[30.4998299,39.7938944],[30.4996469,39.793885],[30.4996589,39.793746],[30.4998136,39.7937539],[30.4998103,39.7937909],[30.4998388,39.7937923],[30.4998299,39.7938944]]]}},{"type":"Feature","id":"way/374982338","properties":{"building":"warehouse","name":"AÖF Kitap Deposu","osmType":"way","osmId":"374982338"},"geometry":{"type":"Polygon","coordinates":[[[30.5014639,39.7927469],[30.5014172,39.7930898],[30.5008142,39.7930413],[30.5008726,39.7926125],[30.5014756,39.7926609],[30.5014639,39.7927469]]]}},{"type":"Feature","id":"way/374982339","properties":{"building":"yes","name":"Basımevi 1","shop":"copyshop","osmType":"way","osmId":"374982339"},"geometry":{"type":"Polygon","coordinates":[[[30.5008038,39.79203],[30.50076,39.7924404],[30.4999142,39.7923871],[30.4999579,39.7919768],[30.5003438,39.792001],[30.5005035,39.7920111],[30.5008038,39.79203]]]}},{"type":"Feature","id":"way/374982340","properties":{"building":"yes","name":"Bilgisayar Araştırma ve Uygulama Merkezi (BAUM)","website":"https://baum.anadolu.edu.tr/","osmType":"way","osmId":"374982340"},"geometry":{"type":"Polygon","coordinates":[[[30.4987357,39.7905143],[30.4987299,39.7905347],[30.4986061,39.7905141],[30.4985985,39.7905411],[30.4984887,39.7905228],[30.4983524,39.7903603],[30.49836,39.7903335],[30.4985714,39.7902288],[30.4986813,39.7902471],[30.4988051,39.7902676],[30.4987357,39.7905143]]]}},{"type":"Feature","id":"way/374982343","properties":{"building":"garage","name":"Garaj","osmType":"way","osmId":"374982343"},"geometry":{"type":"Polygon","coordinates":[[[30.5018051,39.793121],[30.501793,39.7932098],[30.5024651,39.7932638],[30.5025147,39.7929],[30.5018425,39.7928459],[30.5018051,39.793121]]]}},{"type":"Feature","id":"way/374982345","properties":{"building":"dormitory","name":"KYK Öğrenci Yurtları","osmType":"way","osmId":"374982345"},"geometry":{"type":"Polygon","coordinates":[[[30.503183,39.7921212],[30.5032181,39.7921235],[30.503221,39.7920968],[30.5031859,39.7920945],[30.5031959,39.7920021],[30.5033264,39.7920105],[30.5033164,39.7921029],[30.5032815,39.7921007],[30.5032787,39.7921274],[30.5033135,39.7921296],[30.5033034,39.7922229],[30.5031729,39.7922145],[30.503183,39.7921212]]]}},{"type":"Feature","id":"way/374982346","properties":{"building":"dormitory","name":"KYK Öğrenci Yurtları","osmType":"way","osmId":"374982346"},"geometry":{"type":"Polygon","coordinates":[[[30.5031088,39.7918686],[30.5032393,39.791877],[30.5032601,39.7916855],[30.5031296,39.7916772],[30.5031088,39.7918686]]]}},{"type":"Feature","id":"way/374982347","properties":{"building":"yes","name":"Lojmanlar","osmType":"way","osmId":"374982347"},"geometry":{"type":"Polygon","coordinates":[[[30.5052256,39.7922254],[30.5052433,39.7922096],[30.5052829,39.7922357],[30.5052652,39.7922516],[30.5053317,39.7922955],[30.5052969,39.7923265],[30.5053205,39.7923421],[30.5052755,39.7923823],[30.505222,39.7923468],[30.5052028,39.792364],[30.5051663,39.7923398],[30.5051816,39.7923261],[30.5051421,39.7923],[30.5051267,39.7923137],[30.5051003,39.7922962],[30.5051153,39.7922829],[30.5050755,39.7922565],[30.5050605,39.7922699],[30.5050332,39.7922518],[30.5050524,39.7922347],[30.5050288,39.792219],[30.5050571,39.7921937],[30.5050342,39.7921786],[30.5050717,39.7921451],[30.5051456,39.792194],[30.5051772,39.7921658],[30.505217,39.7921921],[30.5051992,39.792208],[30.5052256,39.7922254]]]}},{"type":"Feature","id":"way/374982348","properties":{"building":"yes","name":"Lojmanlar","osmType":"way","osmId":"374982348"},"geometry":{"type":"Polygon","coordinates":[[[30.504936,39.7920843],[30.5049537,39.7920684],[30.5049933,39.7920946],[30.5049755,39.7921104],[30.505042,39.7921544],[30.5050073,39.7921854],[30.5050309,39.792201],[30.5049859,39.7922411],[30.5049323,39.7922057],[30.5049131,39.7922229],[30.5048766,39.7921987],[30.504892,39.792185],[30.5048524,39.7921588],[30.5048371,39.7921725],[30.5048107,39.7921551],[30.5048257,39.7921417],[30.5047858,39.7921154],[30.5047709,39.7921288],[30.5047435,39.7921107],[30.5047628,39.7920935],[30.5047391,39.7920779],[30.5047674,39.7920526],[30.5047445,39.7920374],[30.504782,39.792004],[30.5048559,39.7920528],[30.5048875,39.7920246],[30.5049273,39.792051],[30.5049096,39.7920668],[30.504936,39.7920843]]]}},{"type":"Feature","id":"way/374982349","properties":{"building":"yes","name":"Lojmanlar","osmType":"way","osmId":"374982349"},"geometry":{"type":"Polygon","coordinates":[[[30.505337,39.7917049],[30.5053548,39.7916891],[30.5053944,39.7917152],[30.5053766,39.7917311],[30.5054431,39.7917751],[30.5054084,39.7918061],[30.5054319,39.7918216],[30.505387,39.7918618],[30.5053334,39.7918263],[30.5053142,39.7918435],[30.5052777,39.7918194],[30.5052931,39.7918056],[30.5052535,39.7917795],[30.5052381,39.7917932],[30.5052118,39.7917758],[30.5052268,39.7917624],[30.5051869,39.791736],[30.5051719,39.7917494],[30.5051446,39.7917313],[30.5051638,39.7917142],[30.5051402,39.7916985],[30.5051685,39.7916732],[30.5051456,39.7916581],[30.5051831,39.7916246],[30.505257,39.7916735],[30.5052886,39.7916453],[30.5053284,39.7916716],[30.5053107,39.7916875],[30.505337,39.7917049]]]}},{"type":"Feature","id":"way/374982350","properties":{"building":"yes","name":"Lojmanlar","osmType":"way","osmId":"374982350"},"geometry":{"type":"Polygon","coordinates":[[[30.5054903,39.7919236],[30.505508,39.7919078],[30.5055476,39.7919339],[30.5055299,39.7919498],[30.5055964,39.7919938],[30.5055616,39.7920248],[30.5055852,39.7920403],[30.5055402,39.7920805],[30.5054867,39.792045],[30.5054675,39.7920622],[30.505431,39.7920381],[30.5054463,39.7920243],[30.5054068,39.7919982],[30.5053914,39.7920119],[30.505365,39.7919945],[30.50538,39.7919811],[30.5053402,39.7919547],[30.5053252,39.7919681],[30.5052979,39.79195],[30.5053171,39.7919329],[30.5052935,39.7919172],[30.5053218,39.7918919],[30.5052989,39.7918768],[30.5053364,39.7918433],[30.5054103,39.7918922],[30.5054419,39.791864],[30.5054817,39.7918903],[30.5054639,39.7919062],[30.5054903,39.7919236]]]}},{"type":"Feature","id":"way/374982351","properties":{"building":"yes","name":"Lojmanlar","osmType":"way","osmId":"374982351"},"geometry":{"type":"Polygon","coordinates":[[[30.505643,39.7921421],[30.5056607,39.7921263],[30.5057003,39.7921524],[30.5056826,39.7921683],[30.5057491,39.7922123],[30.5057143,39.7922433],[30.5057379,39.7922589],[30.5056929,39.792299],[30.5056394,39.7922636],[30.5056202,39.7922807],[30.5055837,39.7922566],[30.505599,39.7922428],[30.5055595,39.7922167],[30.5055441,39.7922304],[30.5055177,39.792213],[30.5055327,39.7921996],[30.5054929,39.7921732],[30.5054779,39.7921866],[30.5054506,39.7921685],[30.5054698,39.7921514],[30.5054462,39.7921357],[30.5054745,39.7921105],[30.5054516,39.7920953],[30.5054891,39.7920618],[30.505563,39.7921107],[30.5055946,39.7920825],[30.5056344,39.7921088],[30.5056166,39.7921247],[30.505643,39.7921421]]]}},{"type":"Feature","id":"way/374982353","properties":{"building":"yes","name":"Psikolojik Danışma ve Rehberlik Servisi","osmType":"way","osmId":"374982353"},"geometry":{"type":"Polygon","coordinates":[[[30.5009222,39.7910317],[30.500944,39.7907889],[30.5010564,39.7907949],[30.5010346,39.7910377],[30.5009222,39.7910317]]]}},{"type":"Feature","id":"way/374982354","properties":{"building":"school","osmType":"way","osmId":"374982354"},"geometry":{"type":"Polygon","coordinates":[[[30.5068345,39.7920463],[30.5071715,39.7917142],[30.5070576,39.791646],[30.5067206,39.791978],[30.5068345,39.7920463]]]}},{"type":"Feature","id":"way/374982355","properties":{"building":"yes","osmType":"way","osmId":"374982355"},"geometry":{"type":"Polygon","coordinates":[[[30.5044088,39.7923091],[30.5046544,39.7924674],[30.5047698,39.7923616],[30.5045241,39.7922034],[30.5044088,39.7923091]]]}},{"type":"Feature","id":"way/374982356","properties":{"building":"school","osmType":"way","osmId":"374982356"},"geometry":{"type":"Polygon","coordinates":[[[30.5062219,39.7918099],[30.5063515,39.7916762],[30.5067236,39.791889],[30.5065941,39.7920227],[30.5062219,39.7918099]]]}},{"type":"Feature","id":"way/374982357","properties":{"addr:street":"Anadolu Üniversitesi","building":"yes","name":"Öğrenci Merkezi","osmType":"way","osmId":"374982357"},"geometry":{"type":"Polygon","coordinates":[[[30.5005804,39.7930875],[30.5004194,39.7930496],[30.5003543,39.7932128],[30.4997696,39.7930752],[30.4998349,39.7929115],[30.4997706,39.7928963],[30.4997884,39.7928517],[30.4999375,39.7924781],[30.5004395,39.7925964],[30.5004712,39.7925169],[30.5007792,39.7925895],[30.5005804,39.7930875]]]}},{"type":"Feature","id":"way/374982358","properties":{"highway":"footway","osmType":"way","osmId":"374982358"},"geometry":{"type":"LineString","coordinates":[[30.5055244,39.7930707],[30.5061074,39.792981],[30.5065927,39.7929485],[30.506811,39.7929106],[30.5070689,39.7928557],[30.507372,39.7928268],[30.5075034,39.7928268],[30.5077636,39.7928433],[30.5078905,39.7928582],[30.5081203,39.792901],[30.5086997,39.7929896],[30.5090725,39.7930453],[30.5093193,39.7930803],[30.5094856,39.7930783],[30.5096318,39.7930409],[30.5097001,39.7929731],[30.5097243,39.7928639],[30.5097028,39.79273],[30.5087774,39.7926846]]}},{"type":"Feature","id":"way/374982359","properties":{"building":"kindergarten","name":"Çocuk Yuvası 1","osmType":"way","osmId":"374982359"},"geometry":{"type":"Polygon","coordinates":[[[30.5056191,39.7918304],[30.5058492,39.7919752],[30.5059295,39.7918998],[30.5056994,39.791755],[30.5056191,39.7918304]]]}},{"type":"Feature","id":"way/374982360","properties":{"building":"kindergarten","name":"Çocuk Yuvası 2","osmType":"way","osmId":"374982360"},"geometry":{"type":"Polygon","coordinates":[[[30.5059392,39.7912575],[30.5061729,39.7914045],[30.5062532,39.7913291],[30.5060195,39.7911821],[30.5059392,39.7912575]]]}},{"type":"Feature","id":"way/374982361","properties":{"building":"kindergarten","name":"Çocuk Yuvası 3","osmType":"way","osmId":"374982361"},"geometry":{"type":"Polygon","coordinates":[[[30.5056738,39.7915139],[30.5058568,39.791629],[30.5059371,39.7915536],[30.5057541,39.7914385],[30.5056738,39.7915139]]]}},{"type":"Feature","id":"way/374982362","properties":{"building":"university","name":"İktisadi ve İdari Bilimler Fakültesi","osmType":"way","osmId":"374982362"},"geometry":{"type":"Polygon","coordinates":[[[30.5040508,39.7913873],[30.5040536,39.7913468],[30.5040973,39.7913486],[30.5042918,39.7913565],[30.5043415,39.7913221],[30.5043494,39.7912072],[30.5043606,39.7910449],[30.5042059,39.7910386],[30.5041913,39.7912498],[30.5037973,39.7912338],[30.5037875,39.7913766],[30.5040051,39.7913854],[30.5040508,39.7913873]]]}},{"type":"Feature","id":"way/374982363","properties":{"building":"university","name":"İktisadi ve İdari Bilimler Fakültesi","osmType":"way","osmId":"374982363"},"geometry":{"type":"Polygon","coordinates":[[[30.5040508,39.7913873],[30.5040394,39.7915521],[30.5040758,39.7915535],[30.5040728,39.7915974],[30.5042721,39.7916055],[30.5042751,39.7915616],[30.5042191,39.7915594],[30.5040904,39.7914494],[30.5040973,39.7913486],[30.5042918,39.7913565],[30.5043415,39.7913221],[30.5043494,39.7912072],[30.5044358,39.7912107],[30.5045645,39.7913206],[30.5045543,39.7914683],[30.5044113,39.7915672],[30.5043363,39.7915641],[30.5043333,39.791608],[30.5043562,39.7916089],[30.5043449,39.7917742],[30.5043219,39.7917733],[30.5043142,39.791885],[30.5040396,39.7918739],[30.504034,39.791955],[30.5042681,39.7919646],[30.5042451,39.792299],[30.504011,39.7922895],[30.5040079,39.7923345],[30.504242,39.792344],[30.5042341,39.7924598],[30.5039609,39.7924487],[30.5039623,39.792429],[30.5038869,39.792426],[30.5038855,39.7924457],[30.5036269,39.7924352],[30.5036399,39.7922474],[30.5037963,39.7922537],[30.503809,39.7920688],[30.5038341,39.7920698],[30.5038381,39.7920114],[30.503813,39.7920104],[30.5038451,39.7915442],[30.503899,39.7915464],[30.5039026,39.791494],[30.5039974,39.7914978],[30.5040051,39.7913854],[30.5040508,39.7913873]]]}},{"type":"Feature","id":"way/374986686","properties":{"building":"yes","osmType":"way","osmId":"374986686"},"geometry":{"type":"Polygon","coordinates":[[[30.4988051,39.7902676],[30.499284,39.7903472],[30.4992603,39.7904314],[30.4992322,39.7904267],[30.4992026,39.7905316],[30.4991323,39.7905199],[30.4991161,39.7905775],[30.4987357,39.7905143],[30.4988051,39.7902676]]]}},{"type":"Feature","id":"way/374986688","properties":{"building":"yes","name":"Çağdaş Sanatlar Müzesi","tourism":"museum","wikidata":"Q132682048","osmType":"way","osmId":"374986688"},"geometry":{"type":"Polygon","coordinates":[[[30.4973682,39.7908169],[30.4974504,39.7904103],[30.4972657,39.7903883],[30.4971835,39.7907949],[30.4973682,39.7908169]]]}},{"type":"Feature","id":"way/375018002","properties":{"amenity":"parking","osmType":"way","osmId":"375018002"},"geometry":{"type":"Polygon","coordinates":[[[30.5005878,39.7914676],[30.5009373,39.7915053],[30.5009908,39.7910936],[30.5007394,39.7910425],[30.5005878,39.7914676]]]}},{"type":"Feature","id":"way/375018003","properties":{"amenity":"parking","osmType":"way","osmId":"375018003"},"geometry":{"type":"Polygon","coordinates":[[[30.4923822,39.7943383],[30.4929818,39.7944385],[30.493026,39.7942669],[30.4925519,39.7941963],[30.492536,39.7942328],[30.492417,39.7942188],[30.4923822,39.7943383]]]}},{"type":"Feature","id":"way/375018010","properties":{"highway":"service","osmType":"way","osmId":"375018010"},"geometry":{"type":"LineString","coordinates":[[30.4928771,39.7934811],[30.4928396,39.7934685],[30.49281,39.7934468],[30.4927919,39.7934186],[30.4927873,39.7933873],[30.492797,39.7933568],[30.4928197,39.7933306],[30.4928527,39.793312],[30.492892,39.7933031],[30.4929328,39.7933051],[30.4929703,39.7933177],[30.4929999,39.7933395],[30.4930181,39.7933677],[30.4930226,39.7933989],[30.493013,39.7934295],[30.4929903,39.7934557],[30.4929573,39.7934743],[30.492918,39.7934832],[30.4928771,39.7934811]]}},{"type":"Feature","id":"way/375018014","properties":{"highway":"service","osmType":"way","osmId":"375018014"},"geometry":{"type":"LineString","coordinates":[[30.4930181,39.7933677],[30.4933882,39.7932651],[30.493478,39.7932402]]}},{"type":"Feature","id":"way/375018015","properties":{"highway":"residential","osmType":"way","osmId":"375018015"},"geometry":{"type":"LineString","coordinates":[[30.4936819,39.7898132],[30.4939704,39.7896403]]}},{"type":"Feature","id":"way/375018016","properties":{"highway":"residential","osmType":"way","osmId":"375018016"},"geometry":{"type":"LineString","coordinates":[[30.4972969,39.7923121],[30.4973795,39.7922297]]}},{"type":"Feature","id":"way/375018018","properties":{"highway":"service","osmType":"way","osmId":"375018018"},"geometry":{"type":"LineString","coordinates":[[30.501497,39.7894139],[30.5017226,39.7894396]]}},{"type":"Feature","id":"way/375018021","properties":{"highway":"service","osmType":"way","osmId":"375018021"},"geometry":{"type":"LineString","coordinates":[[30.4995306,39.7937688],[30.4995656,39.7936128],[30.4996025,39.793557],[30.4996495,39.7935058],[30.4997057,39.7934604],[30.4997697,39.7934216],[30.4999233,39.7933515],[30.5000322,39.7933072],[30.500145,39.7932692],[30.5002612,39.7932377],[30.5003801,39.7932129],[30.500501,39.7931949],[30.5006234,39.7931839],[30.5007207,39.7931916],[30.5021213,39.793303],[30.5021815,39.7933162],[30.5022348,39.7933415],[30.502277,39.793377],[30.5023051,39.79342],[30.5023169,39.7934673],[30.5022981,39.7936476]]}},{"type":"Feature","id":"way/375018023","properties":{"highway":"service","osmType":"way","osmId":"375018023"},"geometry":{"type":"LineString","coordinates":[[30.4945947,39.7953428],[30.4944383,39.7953903],[30.4934243,39.7952205]]}},{"type":"Feature","id":"way/375018027","properties":{"highway":"unclassified","osmType":"way","osmId":"375018027"},"geometry":{"type":"LineString","coordinates":[[30.4972227,39.7891058],[30.4973018,39.7889744],[30.4974117,39.7888765],[30.4975976,39.7886915],[30.4976924,39.7886317],[30.4977834,39.7886128],[30.4978934,39.7886171],[30.4979845,39.7886171],[30.4981115,39.7886113],[30.4981893,39.7886069],[30.4982538,39.7885894],[30.4985003,39.7885224],[30.4986597,39.7884641],[30.4987924,39.7884335],[30.4989271,39.7884233],[30.4990959,39.7884306],[30.4992514,39.7884481],[30.4994126,39.7884743],[30.4994961,39.7884772],[30.4995909,39.788502],[30.4996516,39.7885399],[30.499735,39.7885588],[30.4999664,39.7885749],[30.5001523,39.7885778],[30.5002187,39.7885734],[30.5002794,39.7885719],[30.5003476,39.7885676],[30.5004425,39.7885749],[30.5005506,39.788604],[30.5006795,39.7886332],[30.500983,39.7886696],[30.5013168,39.7887148],[30.502011,39.788808],[30.5023561,39.7888736],[30.5024832,39.7889159],[30.5025591,39.78898],[30.5026027,39.7890922],[30.5026558,39.7892584],[30.5027032,39.7893516],[30.5027506,39.789356]]}},{"type":"Feature","id":"way/375018035","properties":{"highway":"service","osmType":"way","osmId":"375018035"},"geometry":{"type":"LineString","coordinates":[[30.4931906,39.7938858],[30.4931465,39.7939722],[30.4931308,39.7940071],[30.4930537,39.7941471],[30.4930143,39.7941834],[30.4925715,39.7941765],[30.4923153,39.79417]]}},{"type":"Feature","id":"way/375050841","properties":{"amenity":"parking","osmType":"way","osmId":"375050841"},"geometry":{"type":"Polygon","coordinates":[[[30.4957316,39.7915],[30.4969067,39.7914921],[30.4968178,39.7918447],[30.4958555,39.7918413],[30.4957316,39.7915]]]}},{"type":"Feature","id":"way/375050842","properties":{"amenity":"parking","osmType":"way","osmId":"375050842"},"geometry":{"type":"Polygon","coordinates":[[[30.4984314,39.7943361],[30.4986067,39.794192],[30.4992954,39.7943187],[30.4992006,39.794474],[30.4984314,39.7943361]]]}},{"type":"Feature","id":"way/375050843","properties":{"amenity":"parking","osmType":"way","osmId":"375050843"},"geometry":{"type":"Polygon","coordinates":[[[30.4947027,39.7946494],[30.4949133,39.7946861],[30.4947138,39.7953615],[30.4945032,39.7953247],[30.4947027,39.7946494]]]}},{"type":"Feature","id":"way/375050844","properties":{"amenity":"parking","osmType":"way","osmId":"375050844"},"geometry":{"type":"Polygon","coordinates":[[[30.4938454,39.7908389],[30.4942918,39.7907572],[30.4943667,39.7909988],[30.4939202,39.7910805],[30.4938454,39.7908389]]]}},{"type":"Feature","id":"way/375050845","properties":{"amenity":"parking","osmType":"way","osmId":"375050845"},"geometry":{"type":"Polygon","coordinates":[[[30.4982167,39.7956308],[30.498541,39.7953001],[30.497947,39.7952013],[30.4978435,39.7955687],[30.4982167,39.7956308]]]}},{"type":"Feature","id":"way/375050846","properties":{"amenity":"parking","osmType":"way","osmId":"375050846"},"geometry":{"type":"Polygon","coordinates":[[[30.4927887,39.7919513],[30.4933184,39.7918518],[30.4933336,39.7919261],[30.4933931,39.79223],[30.4929733,39.7923174],[30.4927887,39.7919513]]]}},{"type":"Feature","id":"way/375050847","properties":{"amenity":"parking","osmType":"way","osmId":"375050847"},"geometry":{"type":"Polygon","coordinates":[[[30.4933298,39.7889272],[30.4933462,39.7890361],[30.4934186,39.7891306],[30.4935345,39.7891945],[30.4942928,39.7888535],[30.4940886,39.7885858],[30.4933298,39.7889272]]]}},{"type":"Feature","id":"way/375050848","properties":{"amenity":"parking","osmType":"way","osmId":"375050848"},"geometry":{"type":"Polygon","coordinates":[[[30.4958759,39.7945018],[30.4959732,39.7945255],[30.4960737,39.7945114],[30.496154,39.7944628],[30.4960517,39.7940481],[30.4957726,39.794089],[30.4958759,39.7945018]]]}},{"type":"Feature","id":"way/375050849","properties":{"amenity":"parking","osmType":"way","osmId":"375050849"},"geometry":{"type":"Polygon","coordinates":[[[30.4947132,39.7956051],[30.4954,39.7957104],[30.4954485,39.7955236],[30.4953039,39.7955015],[30.4952348,39.7955369],[30.4947503,39.7954626],[30.4947132,39.7956051]]]}},{"type":"Feature","id":"way/375050850","properties":{"highway":"service","osmType":"way","osmId":"375050850"},"geometry":{"type":"LineString","coordinates":[[30.4984104,39.794263],[30.4984718,39.7942736],[30.4991305,39.7943868]]}},{"type":"Feature","id":"way/375050851","properties":{"highway":"service","osmType":"way","osmId":"375050851"},"geometry":{"type":"LineString","coordinates":[[30.4976507,39.7951164],[30.4980601,39.7951858],[30.4984605,39.7952537],[30.4981904,39.7955579],[30.4979532,39.7955119],[30.4980601,39.7951858]]}},{"type":"Feature","id":"way/375050852","properties":{"highway":"service","osmType":"way","osmId":"375050852"},"geometry":{"type":"LineString","coordinates":[[30.493877,39.7907775],[30.4939081,39.7908781],[30.4939445,39.790996],[30.4942858,39.7909342],[30.4942559,39.7908178],[30.4939081,39.7908781]]}},{"type":"Feature","id":"way/375050853","properties":{"highway":"service","osmType":"way","osmId":"375050853"},"geometry":{"type":"LineString","coordinates":[[30.4931681,39.7891753],[30.4934278,39.7890705],[30.4935692,39.7890918],[30.4941218,39.7888486],[30.4941349,39.7887411],[30.4940197,39.7887041],[30.4934409,39.7889607],[30.4934278,39.7890705]]}},{"type":"Feature","id":"way/375050854","properties":{"highway":"service","osmType":"way","osmId":"375050854"},"geometry":{"type":"LineString","coordinates":[[30.4961068,39.7940825],[30.4959368,39.7941078],[30.4959238,39.7941223],[30.4959152,39.7941386],[30.4959114,39.7941559],[30.4959127,39.7941735],[30.4960068,39.7944737]]}},{"type":"Feature","id":"way/375050857","properties":{"landuse":"grass","osmType":"way","osmId":"375050857"},"geometry":{"type":"Polygon","coordinates":[[[30.4947581,39.7946466],[30.4946886,39.7946345],[30.494481,39.7953419],[30.4944317,39.7953668],[30.4941884,39.7953256],[30.4943177,39.794875],[30.4939052,39.7948051],[30.4939211,39.7947749],[30.4939486,39.7947096],[30.4939658,39.7946423],[30.4939725,39.7945739],[30.4939686,39.7945054],[30.4939542,39.7944377],[30.4939403,39.7943987],[30.4942774,39.7943178],[30.4947687,39.7944601],[30.494811,39.7944675],[30.4947581,39.7946466]]]}},{"type":"Feature","id":"way/375050858","properties":{"landuse":"grass","osmType":"way","osmId":"375050858"},"geometry":{"type":"Polygon","coordinates":[[[30.493136,39.7893545],[30.4932104,39.7893085],[30.4938694,39.7896402],[30.4936653,39.7897668],[30.493136,39.7893545]]]}},{"type":"Feature","id":"way/375050859","properties":{"landuse":"grass","osmType":"way","osmId":"375050859"},"geometry":{"type":"Polygon","coordinates":[[[30.4937438,39.7941497],[30.4938951,39.7940401],[30.4940961,39.7942262],[30.4938939,39.7943052],[30.4938503,39.794249],[30.4937971,39.794194],[30.4937438,39.7941497]]]}},{"type":"Feature","id":"way/375050861","properties":{"landuse":"grass","osmType":"way","osmId":"375050861"},"geometry":{"type":"Polygon","coordinates":[[[30.4931628,39.7939893],[30.493252,39.793988],[30.4933409,39.7939949],[30.493428,39.7940098],[30.4935122,39.7940325],[30.4935923,39.7940628],[30.4936672,39.7941002],[30.493823,39.7939574],[30.4931749,39.793954],[30.4931628,39.7939893]]]}},{"type":"Feature","id":"way/436776028","properties":{"highway":"service","osmType":"way","osmId":"436776028"},"geometry":{"type":"LineString","coordinates":[[30.5025086,39.7936585],[30.5026141,39.7929303],[30.5025973,39.792836],[30.5026791,39.7919216],[30.5026734,39.7918129],[30.5026188,39.7914122],[30.5026086,39.7913371],[30.5027038,39.7910525],[30.5027192,39.7910066]]}},{"type":"Feature","id":"way/442678574","properties":{"highway":"service","oneway":"yes","osmType":"way","osmId":"442678574"},"geometry":{"type":"LineString","coordinates":[[30.4968739,39.7921851],[30.4969045,39.792166],[30.4969437,39.7921631],[30.4971943,39.7921662],[30.4972936,39.7921902],[30.4973795,39.7922297],[30.4974418,39.7922765],[30.4981385,39.7928423],[30.4981965,39.7928826],[30.4982618,39.7929158],[30.4983329,39.792941],[30.4984082,39.7929577],[30.4988104,39.7929845]]}},{"type":"Feature","id":"way/442827128","properties":{"highway":"service","oneway":"yes","osmType":"way","osmId":"442827128"},"geometry":{"type":"LineString","coordinates":[[30.4931906,39.7938858],[30.4932806,39.7938468],[30.4937245,39.7938399],[30.4938053,39.7938387]]}},{"type":"Feature","id":"way/461595403","properties":{"footway":"sidewalk","highway":"footway","osmType":"way","osmId":"461595403"},"geometry":{"type":"LineString","coordinates":[[30.497647,39.7953021],[30.497163,39.7948892],[30.4971252,39.794857]]}},{"type":"Feature","id":"way/461595407","properties":{"footway":"sidewalk","highway":"footway","osmType":"way","osmId":"461595407"},"geometry":{"type":"LineString","coordinates":[[30.4933336,39.7919261],[30.4937409,39.7918565],[30.4941505,39.791788],[30.4944734,39.7917339],[30.4952247,39.7916082],[30.4952854,39.7918129],[30.495305,39.7918792]]}},{"type":"Feature","id":"way/461595409","properties":{"footway":"sidewalk","highway":"footway","osmType":"way","osmId":"461595409"},"geometry":{"type":"LineString","coordinates":[[30.4952854,39.7918129],[30.4953857,39.7917936],[30.4953749,39.7917401],[30.4955461,39.7917165]]}},{"type":"Feature","id":"way/461595411","properties":{"footway":"sidewalk","highway":"footway","osmType":"way","osmId":"461595411"},"geometry":{"type":"LineString","coordinates":[[30.4935135,39.7913361],[30.4934515,39.7909967]]}},{"type":"Feature","id":"way/461595413","properties":{"footway":"sidewalk","highway":"footway","osmType":"way","osmId":"461595413"},"geometry":{"type":"LineString","coordinates":[[30.4935135,39.7913361],[30.4936744,39.7912949],[30.4936903,39.7913633]]}},{"type":"Feature","id":"way/461595415","properties":{"footway":"sidewalk","highway":"footway","osmType":"way","osmId":"461595415"},"geometry":{"type":"LineString","coordinates":[[30.4935331,39.7909547],[30.4935057,39.7908948],[30.4931232,39.7902419],[30.493061,39.7900586],[30.4928805,39.7895266],[30.4930656,39.7893607]]}},{"type":"Feature","id":"way/461595418","properties":{"footway":"sidewalk","highway":"footway","osmType":"way","osmId":"461595418"},"geometry":{"type":"LineString","coordinates":[[30.4946405,39.7899408],[30.4946873,39.7899103],[30.4947983,39.7898378],[30.4949056,39.7898316],[30.494943,39.7896811],[30.4949512,39.7896482],[30.4948305,39.7896111],[30.4946588,39.7896152],[30.4944657,39.7896708],[30.4942726,39.7896997],[30.4942001,39.7896976],[30.4946873,39.7899103]]}},{"type":"Feature","id":"way/461595421","properties":{"highway":"footway","osmType":"way","osmId":"461595421"},"geometry":{"type":"LineString","coordinates":[[30.4963138,39.7923737],[30.4962857,39.7923829],[30.4962577,39.7923882],[30.4962281,39.7923907],[30.4961852,39.7923924],[30.4961447,39.7923857],[30.4961079,39.7923713],[30.4960803,39.7923529],[30.4960503,39.7923301],[30.4960144,39.7922865],[30.4960069,39.7923616],[30.4960052,39.7923957],[30.4960096,39.7924297],[30.4960246,39.7924647],[30.4960481,39.792501],[30.4960727,39.7925352],[30.4961093,39.7925675],[30.4961509,39.7925911],[30.4961881,39.7926088],[30.496233,39.7926236],[30.4962742,39.792632],[30.4963136,39.7926356],[30.49635,39.7926357],[30.4963819,39.7926324],[30.496411,39.7926286],[30.4964508,39.7926188],[30.4964835,39.7926073]]}},{"type":"Feature","id":"way/461595425","properties":{"highway":"footway","osmType":"way","osmId":"461595425"},"geometry":{"type":"LineString","coordinates":[[30.4960365,39.7930593],[30.4962437,39.7932528],[30.4962777,39.7932796],[30.4963093,39.793299],[30.4964831,39.7933831],[30.4966085,39.7934376],[30.4966655,39.7934591],[30.4967243,39.7934773],[30.4967907,39.7934912],[30.4968673,39.7935033],[30.4969379,39.7935089],[30.4970088,39.7935103],[30.4970721,39.7935054],[30.4973839,39.7934609],[30.4974858,39.7934671],[30.4976037,39.7934574],[30.4976959,39.7934058],[30.4977139,39.7933999],[30.4977356,39.7933988],[30.4978853,39.793427]]}},{"type":"Feature","id":"way/461595428","properties":{"highway":"footway","osmType":"way","osmId":"461595428"},"geometry":{"type":"LineString","coordinates":[[30.4989121,39.7938864],[30.4984616,39.7938231],[30.4984383,39.7938233],[30.4984195,39.7938287],[30.4983903,39.7938415],[30.4983772,39.7938436],[30.4983622,39.793843],[30.4982116,39.7938223],[30.4981982,39.7938188],[30.4981869,39.7938105],[30.4981045,39.7937348],[30.4980912,39.7937252],[30.4980717,39.7937194],[30.4979497,39.7936981]]}},{"type":"Feature","id":"way/461595430","properties":{"highway":"footway","osmType":"way","osmId":"461595430"},"geometry":{"type":"LineString","coordinates":[[30.4976469,39.7931579],[30.4974216,39.7928474],[30.4973936,39.7928294],[30.4973559,39.7928207],[30.4972989,39.7928153],[30.4972283,39.7928179],[30.4971072,39.7928228]]}},{"type":"Feature","id":"way/461595433","properties":{"highway":"footway","osmType":"way","osmId":"461595433"},"geometry":{"type":"LineString","coordinates":[[30.4960517,39.7929886],[30.4961832,39.793],[30.4962216,39.7929988],[30.4962508,39.7929889],[30.4963009,39.7929572],[30.4963535,39.7929331],[30.4963923,39.7929227],[30.4964361,39.7929191],[30.4964758,39.7929166],[30.4965098,39.792912],[30.4965397,39.7929042],[30.496598,39.7928818],[30.4966604,39.7928583],[30.4967214,39.792838],[30.4968254,39.7928201],[30.4970418,39.7928411]]}},{"type":"Feature","id":"way/461595435","properties":{"highway":"footway","osmType":"way","osmId":"461595435"},"geometry":{"type":"LineString","coordinates":[[30.4972713,39.7926161],[30.4974907,39.7928431],[30.497563,39.7929683],[30.4975729,39.7929811],[30.4975899,39.7929929],[30.4976089,39.7929992],[30.4979432,39.7930468],[30.4979756,39.7930453],[30.4980038,39.7930347],[30.4981159,39.7929704]]}},{"type":"Feature","id":"way/461595438","properties":{"highway":"footway","osmType":"way","osmId":"461595438"},"geometry":{"type":"LineString","coordinates":[[30.4963138,39.7923737],[30.4963538,39.7923527],[30.4963808,39.792329],[30.4964086,39.7923026],[30.4964254,39.7922779],[30.4964344,39.7922512],[30.4964324,39.7922155],[30.4964279,39.7921882],[30.4964072,39.7921352],[30.4965127,39.7921761],[30.4965447,39.7921939],[30.4965682,39.7922106],[30.4966037,39.7922534],[30.496629,39.7922956],[30.4966481,39.7923481],[30.4966479,39.7923931],[30.4966382,39.7924447],[30.4966207,39.7924885],[30.496609,39.7925093],[30.496597,39.7925275],[30.4965444,39.7925731],[30.496517,39.7925897],[30.4964835,39.7926073]]}},{"type":"Feature","id":"way/461595440","properties":{"footway":"sidewalk","highway":"footway","osmType":"way","osmId":"461595440"},"geometry":{"type":"LineString","coordinates":[[30.4973964,39.7914039],[30.497695,39.7913975],[30.4982207,39.7913856],[30.4983763,39.7912475],[30.4985839,39.7912447]]}},{"type":"Feature","id":"way/461595442","properties":{"footway":"sidewalk","highway":"footway","osmType":"way","osmId":"461595442"},"geometry":{"type":"LineString","coordinates":[[30.497695,39.7913975],[30.4976682,39.7918967],[30.4978533,39.7919936],[30.4980974,39.7920059],[30.4982744,39.7920945],[30.4983494,39.7921547],[30.4985748,39.7923357],[30.4988457,39.792177],[30.4987873,39.7917363],[30.4985373,39.7920142],[30.4983494,39.7921547]]}},{"type":"Feature","id":"way/461595445","properties":{"footway":"sidewalk","highway":"footway","osmType":"way","osmId":"461595445"},"geometry":{"type":"LineString","coordinates":[[30.4991331,39.7917561],[30.4990871,39.7921028],[30.4988457,39.792177]]}},{"type":"Feature","id":"way/478925540","properties":{"highway":"residential","osmType":"way","osmId":"478925540"},"geometry":{"type":"LineString","coordinates":[[30.5076311,39.7926252],[30.5071869,39.7927106]]}},{"type":"Feature","id":"way/478925542","properties":{"highway":"residential","osmType":"way","osmId":"478925542"},"geometry":{"type":"LineString","coordinates":[[30.5071869,39.7927106],[30.5071485,39.7925598]]}},{"type":"Feature","id":"way/575284347","properties":{"footway":"sidewalk","highway":"footway","osmType":"way","osmId":"575284347"},"geometry":{"type":"LineString","coordinates":[[30.4946873,39.7899103],[30.4951443,39.7901098],[30.4949807,39.7898811],[30.495045,39.7897471],[30.494943,39.7896811]]}},{"type":"Feature","id":"way/660042185","properties":{"addr:city":"Eskişehir","addr:district":"Tepebaşı","addr:neighbourhood":"Yeşiltepe","addr:postcode":"26210","addr:street":"Anadolu Üniversitesi Yunus Emre Kampüsü","building":"yes","leisure":"fitness_centre","name":"Spor Salonu","source":"Maxar Premium-Luftbilder (Beta)","sport":"fitness","osmType":"way","osmId":"660042185"},"geometry":{"type":"Polygon","coordinates":[[[30.4964878,39.791261],[30.4965388,39.7909524],[30.4969212,39.7909897],[30.4968701,39.7912983],[30.4964878,39.791261]]]}},{"type":"Feature","id":"way/660042186","properties":{"amenity":"parking","osmType":"way","osmId":"660042186"},"geometry":{"type":"Polygon","coordinates":[[[30.4973469,39.7913163],[30.4974018,39.7911883],[30.4970807,39.7911523],[30.4971071,39.7910649],[30.4974242,39.7911086],[30.4974445,39.7910149],[30.4970481,39.7909743],[30.4969567,39.7912882],[30.4973469,39.7913163]]]}},{"type":"Feature","id":"way/660042187","properties":{"addr:city":"Eskişehir","addr:district":"Tepebaşı","addr:neighbourhood":"Yeşiltepe","addr:postcode":"26210","addr:street":"Anadolu Üniversitesi Yunus Emre Kampüsü","amenity":"restaurant","building":"yes","cuisine":"regional","name":"Taş Bina","opening_hours":"Mo-Sa 08:00-20:00","osmType":"way","osmId":"660042187"},"geometry":{"type":"Polygon","coordinates":[[[30.4976812,39.7912947],[30.4977219,39.7910934],[30.4982545,39.7911805],[30.4982032,39.7913572],[30.4976812,39.7912947]]]}},{"type":"Feature","id":"way/660042188","properties":{"addr:city":"Eskişehir","addr:district":"Tepebaşı","addr:neighbourhood":"Yeşiltepe","addr:postcode":"26210","addr:street":"Anadolu Üniversitesi Yunus Emre Kampüsü","building":"university","building:levels":"2","height":"0","name":"Eskişehir Meslek Yüksek Okulu","osmType":"way","osmId":"660042188"},"geometry":{"type":"Polygon","coordinates":[[[30.4976404,39.7910635],[30.4976882,39.7909112],[30.4977767,39.7909289],[30.4977767,39.7909439],[30.4978227,39.7909411],[30.4978616,39.7907698],[30.4977378,39.7907358],[30.4977254,39.7907617],[30.4976316,39.7907426],[30.4976705,39.7906175],[30.4977395,39.790623],[30.4977997,39.7906202],[30.4981678,39.7906923],[30.4981466,39.7908038],[30.4980085,39.7907821],[30.4980828,39.7908201],[30.4980828,39.7908337],[30.4981076,39.7908432],[30.4980775,39.7909602],[30.4980528,39.7909629],[30.4980457,39.7909765],[30.4982793,39.79102],[30.498304,39.7909819],[30.4984014,39.7909996],[30.4983624,39.7911315],[30.4982846,39.7911233],[30.498258,39.7911247],[30.4977572,39.7910513],[30.4977466,39.7910839],[30.4976404,39.7910635]]]}},{"type":"Feature","id":"way/660042189","properties":{"building":"yes","osmType":"way","osmId":"660042189"},"geometry":{"type":"Polygon","coordinates":[[[30.5002254,39.7886923],[30.5002608,39.7885971],[30.5004289,39.7886298],[30.5003829,39.7887195],[30.5002254,39.7886923]]]}},{"type":"Feature","id":"way/660042190","properties":{"building":"yes","osmType":"way","osmId":"660042190"},"geometry":{"type":"Polygon","coordinates":[[[30.5004218,39.788729],[30.500528,39.7887494],[30.5005474,39.7886624],[30.5004483,39.7886461],[30.5004218,39.788729]]]}},{"type":"Feature","id":"way/660042191","properties":{"building":"yes","osmType":"way","osmId":"660042191"},"geometry":{"type":"Polygon","coordinates":[[[30.5038487,39.7895947],[30.5037938,39.7895588],[30.5037588,39.7895857],[30.5036175,39.7894897],[30.5035942,39.7895005],[30.5035545,39.7894673],[30.5035043,39.7895094],[30.503551,39.7895408],[30.5035428,39.7895669],[30.5036864,39.7896655],[30.5037518,39.7896054],[30.5038137,39.7896413],[30.5038487,39.7895947]]]}},{"type":"Feature","id":"way/660042192","properties":{"building":"yes","name":"İşi̇tme Engelli̇ Çocuklar Eği̇ti̇m Araştırma Ve Uygulama Merkezi̇","operator":"Anadolu Üniversitesi","operator:wikidata":"Q483758","operator:wikipedia":"tr:Anadolu Üniversitesi","phone":"+90 222 335 0580","short_name":"İÇEM","website":"https://icem.anadolu.edu.tr/","osmType":"way","osmId":"660042192"},"geometry":{"type":"Polygon","coordinates":[[[30.5057254,39.7913305],[30.5054551,39.7911477],[30.5053636,39.7911493],[30.505325,39.7911821],[30.5052538,39.7911821],[30.5052173,39.7911493],[30.5052233,39.791118],[30.5052071,39.7910915],[30.50514,39.7910915],[30.5051095,39.7911071],[30.5050526,39.7911118],[30.5050465,39.7910821],[30.505018,39.7910759],[30.5050058,39.7910306],[30.5050323,39.79099],[30.5051075,39.7909447],[30.5051359,39.7909088],[30.5050668,39.7908791],[30.5050973,39.7908338],[30.5051664,39.7908057],[30.5052254,39.7908369],[30.505216,39.7908985],[30.5053149,39.7908802],[30.5053563,39.7908704],[30.5053551,39.7908042],[30.5053961,39.7907406],[30.5054466,39.7907525],[30.505432,39.7908053],[30.5055247,39.7908353],[30.505688,39.7909003],[30.5056043,39.791006],[30.5055902,39.791051],[30.5056275,39.7910648],[30.5058267,39.7912009],[30.5057254,39.7913305]]]}},{"type":"Feature","id":"way/660042195","properties":{"highway":"footway","osmType":"way","osmId":"660042195"},"geometry":{"type":"LineString","coordinates":[[30.4961844,39.7928706],[30.4962158,39.7928556],[30.4962404,39.7928421],[30.4962612,39.7928282],[30.4962763,39.7928138],[30.4962948,39.7927915],[30.4963087,39.7927714],[30.4963183,39.7927535],[30.4963259,39.7927293],[30.4963276,39.792705],[30.496324,39.7926822],[30.4963136,39.7926356]]}},{"type":"Feature","id":"way/661490580","properties":{"footway":"sidewalk","highway":"footway","osmType":"way","osmId":"661490580"},"geometry":{"type":"LineString","coordinates":[[30.4990871,39.7921028],[30.4991649,39.7921007],[30.499414,39.7919685],[30.4995467,39.7919374]]}},{"type":"Feature","id":"way/661490581","properties":{"highway":"footway","osmType":"way","osmId":"661490581"},"geometry":{"type":"LineString","coordinates":[[30.4970413,39.7931522],[30.4972037,39.7931726],[30.4975233,39.7932082],[30.4975548,39.7932062],[30.497583,39.7931975],[30.4976469,39.7931579],[30.4976712,39.7931406],[30.4977001,39.7931388],[30.4982908,39.793221]]}},{"type":"Feature","id":"way/661490583","properties":{"highway":"footway","osmType":"way","osmId":"661490583"},"geometry":{"type":"LineString","coordinates":[[30.4968709,39.7925301],[30.4968452,39.7925841],[30.4968408,39.7925963],[30.4968378,39.7926157],[30.496841,39.7927073],[30.4968403,39.7927362],[30.4968375,39.7927623],[30.4968254,39.7928201]]}},{"type":"Feature","id":"way/661490584","properties":{"highway":"footway","osmType":"way","osmId":"661490584"},"geometry":{"type":"LineString","coordinates":[[30.4967039,39.7929214],[30.4966604,39.7928583],[30.4964835,39.7926073],[30.4963138,39.7923737]]}},{"type":"Feature","id":"way/661490590","properties":{"highway":"footway","osmType":"way","osmId":"661490590"},"geometry":{"type":"LineString","coordinates":[[30.4961844,39.7928706],[30.4960517,39.7929886],[30.4958088,39.7930438],[30.4960365,39.7930593],[30.4962896,39.793082],[30.4965821,39.7931079]]}},{"type":"Feature","id":"way/667918876","properties":{"addr:neighbourhood":"Yeşiltepe","addr:street":"Anadolu Üniversitesi","building":"school","building:levels":"4","name":"Bilişim Bloğu","osmType":"way","osmId":"667918876"},"geometry":{"type":"Polygon","coordinates":[[[30.494071,39.7930062],[30.493993,39.7927483],[30.4948949,39.7926224],[30.4949582,39.7928746],[30.494071,39.7930062]]]}},{"type":"Feature","id":"way/704271086","properties":{"amenity":"parking","osmType":"way","osmId":"704271086"},"geometry":{"type":"Polygon","coordinates":[[[30.4961955,39.7940776],[30.4962761,39.7940756],[30.4962951,39.7939968],[30.496165,39.7939911],[30.4961955,39.7940776]]]}},{"type":"Feature","id":"way/718618161","properties":{"footway":"sidewalk","highway":"footway","osmType":"way","osmId":"718618161"},"geometry":{"type":"LineString","coordinates":[[30.5007425,39.7905409],[30.5014788,39.790674],[30.5018865,39.790747],[30.5021654,39.7907748],[30.502759,39.7908806],[30.5029097,39.7909191],[30.5032718,39.7909325],[30.5034488,39.7909129],[30.5038753,39.7907944],[30.5048892,39.7903935],[30.5049956,39.790352],[30.5052003,39.7902627],[30.5053063,39.7901885],[30.5053197,39.7900596]]}},{"type":"Feature","id":"way/718618162","properties":{"footway":"sidewalk","highway":"footway","osmType":"way","osmId":"718618162"},"geometry":{"type":"LineString","coordinates":[[30.5027038,39.7910525],[30.5010496,39.7907573],[30.50089,39.7907243],[30.5007948,39.7907439],[30.5006808,39.7908305],[30.5006044,39.7909984]]}},{"type":"Feature","id":"way/718618163","properties":{"footway":"sidewalk","highway":"footway","osmType":"way","osmId":"718618163"},"geometry":{"type":"LineString","coordinates":[[30.5052714,39.7904368],[30.5042937,39.7907923],[30.5041262,39.7908618],[30.5041114,39.790868],[30.5039893,39.7909201],[30.503587,39.7910262],[30.503296,39.7910664],[30.503131,39.7911004],[30.5029687,39.7911396]]}},{"type":"Feature","id":"way/718618164","properties":{"amenity":"place_of_worship","building":"mosque","denomination":"sunni","religion":"muslim","osmType":"way","osmId":"718618164"},"geometry":{"type":"Polygon","coordinates":[[[30.5013198,39.7910608],[30.5014198,39.7908983],[30.5012126,39.790823],[30.5011126,39.7909855],[30.5013198,39.7910608]]]}},{"type":"Feature","id":"way/718618165","properties":{"highway":"footway","osmType":"way","osmId":"718618165"},"geometry":{"type":"LineString","coordinates":[[30.500029,39.7908429],[30.5002959,39.7909046]]}},{"type":"Feature","id":"way/718618166","properties":{"highway":"service","osmType":"way","osmId":"718618166"},"geometry":{"type":"LineString","coordinates":[[30.4963959,39.7948051],[30.4964939,39.7949358],[30.4964617,39.795046],[30.4964685,39.7954482]]}},{"type":"Feature","id":"way/718618167","properties":{"footway":"sidewalk","highway":"footway","osmType":"way","osmId":"718618167"},"geometry":{"type":"LineString","coordinates":[[30.4941784,39.7942661],[30.4946727,39.7944164],[30.4948976,39.7944128],[30.4950269,39.7944761],[30.4951259,39.7945246],[30.4963222,39.7947905],[30.4963959,39.7948051],[30.496801,39.7948853],[30.4969206,39.7948998],[30.4971027,39.7948946],[30.497163,39.7948892],[30.4973803,39.7948698],[30.4976539,39.7947637],[30.4977285,39.7947256],[30.4979785,39.7945978],[30.4982507,39.7944206],[30.4984718,39.7942736]]}},{"type":"Feature","id":"way/718618168","properties":{"highway":"footway","osmType":"way","osmId":"718618168"},"geometry":{"type":"LineString","coordinates":[[30.4936829,39.7944257],[30.4938744,39.794364],[30.4941784,39.7942661],[30.4942718,39.794236]]}},{"type":"Feature","id":"way/718618169","properties":{"highway":"footway","osmType":"way","osmId":"718618169"},"geometry":{"type":"LineString","coordinates":[[30.4931308,39.7940071],[30.4932873,39.7940146],[30.4935555,39.7940846],[30.493699,39.7941547],[30.4938693,39.7943443],[30.4938744,39.794364],[30.493919,39.794538],[30.4938881,39.7947349],[30.4938465,39.7948503]]}},{"type":"Feature","id":"way/718618170","properties":{"highway":"footway","osmType":"way","osmId":"718618170"},"geometry":{"type":"LineString","coordinates":[[30.4929265,39.7927533],[30.4928434,39.7927626],[30.4928099,39.7928368],[30.4927334,39.7929089],[30.4928541,39.7930315],[30.4928488,39.7930841],[30.4927991,39.7931634],[30.4927777,39.7932314],[30.4927133,39.7932696],[30.4926771,39.7933427],[30.4927873,39.7933873]]}},{"type":"Feature","id":"way/718618174","properties":{"highway":"footway","osmType":"way","osmId":"718618174"},"geometry":{"type":"LineString","coordinates":[[30.4960136,39.7921579],[30.4960144,39.7922865]]}},{"type":"Feature","id":"way/718618175","properties":{"highway":"footway","osmType":"way","osmId":"718618175"},"geometry":{"type":"LineString","coordinates":[[30.4964072,39.7921352],[30.496378,39.7921119],[30.4963472,39.7920928],[30.4963168,39.7920778],[30.4962525,39.7920521]]}},{"type":"Feature","id":"way/718618176","properties":{"highway":"footway","osmType":"way","osmId":"718618176"},"geometry":{"type":"LineString","coordinates":[[30.4962368,39.7920352],[30.4962525,39.7920521],[30.4962636,39.792071],[30.4962698,39.7920912],[30.4962706,39.792112],[30.4962662,39.7921325],[30.4962567,39.7921519],[30.4962424,39.7921695],[30.4962239,39.7921847],[30.4962019,39.7921968],[30.4961773,39.7922053],[30.496151,39.79221],[30.496124,39.7922107],[30.4960973,39.7922073],[30.496072,39.7922],[30.4960491,39.792189],[30.4960294,39.7921748],[30.4960136,39.7921579],[30.4960025,39.792139],[30.4959964,39.7921188],[30.4959955,39.792098],[30.4959999,39.7920775],[30.4960094,39.7920581],[30.4960237,39.7920405],[30.4960422,39.7920253],[30.4960642,39.7920132],[30.4960888,39.7920047],[30.4961151,39.792],[30.4961422,39.7919993],[30.4961688,39.7920027],[30.4961941,39.79201],[30.4962171,39.792021],[30.4962368,39.7920352]]}},{"type":"Feature","id":"way/761605289","properties":{"access":"yes","amenity":"parking","capacity":"30","operator":"Anadolu Üniversitesi","operator:type":"public","parking":"surface","surface":"asphalt","osmType":"way","osmId":"761605289"},"geometry":{"type":"Polygon","coordinates":[[[30.4957052,39.7905945],[30.4956375,39.7909496],[30.4954896,39.7909496],[30.4955604,39.7905921],[30.4957052,39.7905945]]]}},{"type":"Feature","id":"way/761605589","properties":{"addr:city":"Eskişehir","addr:district":"Tepebaşı","addr:neighbourhood":"Yeşiltepe","addr:postcode":"26210","addr:street":"Anadolu Üniversitesi Yunus Emre Kampüsü","amenity":"library","building":"yes","internet_access":"wlan","internet_access:fee":"no","internet_access:ssid":"Eduroam","name":"Kütüphane","operator":"Anadolu Üniversitesi","operator:type":"public","source":"Maxar Premium-Luftbilder (Beta)","wheelchair":"yes","osmType":"way","osmId":"761605589"},"geometry":{"type":"Polygon","coordinates":[[[30.4986673,39.7909355],[30.4987063,39.7908158],[30.4994919,39.790967],[30.4994483,39.7911007],[30.4991705,39.7910472],[30.4991106,39.7912309],[30.499408,39.7912881],[30.4993555,39.7914493],[30.4987736,39.7913374],[30.4988905,39.7909784],[30.4986673,39.7909355]]]}},{"type":"Feature","id":"way/761605844","properties":{"addr:city":"Eskişehir","addr:district":"Tepebaşı","addr:neighbourhood":"Yeşiltepe","addr:postcode":"26210","addr:street":"Anadolu Üniversitesi Yunus Emre Kampüsü","leisure":"park","name":"Anadolu Üniversitesi Parkı","opening_hours":"24/7","operator":"Anadolu Üniversitesi","osmType":"way","osmId":"761605844"},"geometry":{"type":"Polygon","coordinates":[[[30.4956657,39.7918976],[30.49586,39.7918976],[30.4968053,39.7918976],[30.4968938,39.7920798],[30.4967876,39.7921043],[30.4967982,39.7922783],[30.4969504,39.7923109],[30.4969433,39.7923817],[30.4973185,39.7924252],[30.4981856,39.7930887],[30.4980972,39.7933732],[30.4979153,39.7933451],[30.4978853,39.793427],[30.4978639,39.793491],[30.4977683,39.7937855],[30.4959736,39.7934449],[30.4957258,39.7926944],[30.495609,39.7919302],[30.4956657,39.7918976]]]}},{"type":"Feature","id":"way/882554433","properties":{"footway":"sidewalk","highway":"footway","osmType":"way","osmId":"882554433"},"geometry":{"type":"LineString","coordinates":[[30.5100416,39.793073],[30.5097976,39.7931377],[30.509571,39.793218],[30.509233,39.7932613],[30.508875,39.7932397],[30.5078327,39.7931561],[30.5067761,39.7930707],[30.5067551,39.7930698]]}},{"type":"Feature","id":"way/1021664981","properties":{"intermittent":"no","natural":"water","water":"reflecting_pool","osmType":"way","osmId":"1021664981"},"geometry":{"type":"Polygon","coordinates":[[[30.4994664,39.7909479],[30.4994852,39.7908902],[30.4991982,39.7908366],[30.4991767,39.7908881],[30.4994664,39.7909479]]]}},{"type":"Feature","id":"way/1060253202","properties":{"highway":"footway","osmType":"way","osmId":"1060253202"},"geometry":{"type":"LineString","coordinates":[[30.4997884,39.7928517],[30.4994829,39.7927781]]}},{"type":"Feature","id":"way/1097879045","properties":{"building":"yes","osmType":"way","osmId":"1097879045"},"geometry":{"type":"Polygon","coordinates":[[[30.5024715,39.7923125],[30.5010013,39.7920574],[30.5010466,39.7919034],[30.5016566,39.7920091],[30.5018324,39.7920396],[30.5025169,39.7921583],[30.5024715,39.7923125]]]}},{"type":"Feature","id":"way/1097879046","properties":{"building":"yes","osmType":"way","osmId":"1097879046"},"geometry":{"type":"Polygon","coordinates":[[[30.5025468,39.7919957],[30.5018767,39.7918794],[30.501714,39.7918511],[30.5010766,39.7917405],[30.5011219,39.7915866],[30.5017637,39.7916978],[30.5019459,39.7917294],[30.5025921,39.7918415],[30.5025468,39.7919957]]]}},{"type":"Feature","id":"way/1097879047","properties":{"building":"yes","osmType":"way","osmId":"1097879047"},"geometry":{"type":"Polygon","coordinates":[[[30.5024942,39.7916403],[30.5019982,39.7915521],[30.5018234,39.791521],[30.5012678,39.7914222],[30.5013138,39.7912695],[30.5018083,39.7913575],[30.5018311,39.791282],[30.5021008,39.79133],[30.5020786,39.7914037],[30.5025407,39.7914859],[30.5024942,39.7916403]]]}},{"type":"Feature","id":"way/1097879048","properties":{"building":"yes","osmType":"way","osmId":"1097879048"},"geometry":{"type":"Polygon","coordinates":[[[30.5018324,39.7920396],[30.5016566,39.7920091],[30.501714,39.7918511],[30.5018767,39.7918794],[30.5018324,39.7920396]]]}},{"type":"Feature","id":"way/1097879049","properties":{"building":"yes","osmType":"way","osmId":"1097879049"},"geometry":{"type":"Polygon","coordinates":[[[30.5019459,39.7917294],[30.5017637,39.7916978],[30.5018234,39.791521],[30.5019982,39.7915521],[30.5019459,39.7917294]]]}},{"type":"Feature","id":"way/1097879050","properties":{"amenity":"parking","osmType":"way","osmId":"1097879050"},"geometry":{"type":"Polygon","coordinates":[[[30.5025333,39.7914653],[30.5022329,39.7914134],[30.5022426,39.7913664],[30.5021793,39.7913507],[30.5021374,39.7912946],[30.5021621,39.7911932],[30.5021803,39.7911306],[30.5022758,39.7911421],[30.5022705,39.7911685],[30.5022994,39.7911718],[30.5023134,39.79111],[30.5025891,39.7911594],[30.5025398,39.7913021],[30.502249,39.7912518],[30.5022619,39.791213],[30.502234,39.7912089],[30.5022072,39.7912765],[30.502219,39.7913095],[30.5022597,39.7913169],[30.5022758,39.7912815],[30.5025795,39.7913326],[30.5025333,39.7914653]]]}},{"type":"Feature","id":"way/1097879052","properties":{"landuse":"grass","osmType":"way","osmId":"1097879052"},"geometry":{"type":"Polygon","coordinates":[[[30.5029986,39.791059],[30.5028608,39.7910413],[30.5028295,39.7910418],[30.5028174,39.7910521],[30.5027963,39.7911006],[30.5027989,39.7911148],[30.5028078,39.7911202],[30.5028703,39.7911227],[30.5028895,39.7911207],[30.5029048,39.7911173],[30.5029928,39.7910751],[30.5030005,39.7910678],[30.5029986,39.791059]]]}},{"type":"Feature","id":"way/1097879363","properties":{"landuse":"grass","osmType":"way","osmId":"1097879363"},"geometry":{"type":"Polygon","coordinates":[[[30.4980714,39.7902655],[30.4981035,39.790155],[30.4982452,39.790169],[30.4982344,39.7902078],[30.4980714,39.7902655]]]}},{"type":"Feature","id":"way/1119929972","properties":{"amenity":"food_court","building":"yes","name":"Anadolu Üniversitesi Yeni Yemekhane","osmType":"way","osmId":"1119929972"},"geometry":{"type":"Polygon","coordinates":[[[30.4921906,39.7941541],[30.4929362,39.7941664],[30.4929443,39.7939501],[30.4924964,39.7939459],[30.492499,39.7937584],[30.4921933,39.7937584],[30.4921906,39.7941541]]]}},{"type":"Feature","id":"way/1119930259","properties":{"highway":"service","osmType":"way","osmId":"1119930259"},"geometry":{"type":"LineString","coordinates":[[30.4931906,39.7938858],[30.4925683,39.7938839],[30.4925683,39.7937466],[30.4921493,39.7937395],[30.4921493,39.7941703],[30.4923153,39.79417]]}},{"type":"Feature","id":"way/1119932937","properties":{"leisure":"park","osmType":"way","osmId":"1119932937"},"geometry":{"type":"Polygon","coordinates":[[[30.4926286,39.7933499],[30.4927668,39.7933374],[30.4928319,39.7932905],[30.4929335,39.793278],[30.4930189,39.7933062],[30.4930392,39.7933249],[30.493336,39.7932437],[30.4926123,39.7919598],[30.4926001,39.7917942],[30.4924416,39.7918036],[30.4922871,39.7919254],[30.4921895,39.7920317],[30.4921285,39.792116],[30.492096,39.7923003],[30.4921001,39.7929688],[30.4926245,39.7929688],[30.4926286,39.7933499]]]}},{"type":"Feature","id":"way/1119932938","properties":{"leisure":"park","osmType":"way","osmId":"1119932938"},"geometry":{"type":"Polygon","coordinates":[[[30.4933441,39.7933311],[30.4936368,39.7937966],[30.4932709,39.7938091],[30.4931734,39.7938434],[30.4929863,39.7938466],[30.4929904,39.7937122],[30.4927871,39.7937029],[30.4927831,39.7934936],[30.4928603,39.7935217],[30.4929376,39.7935248],[30.4929945,39.7935061],[30.493027,39.7934623],[30.4930595,39.7934061],[30.4933441,39.7933311]]]}},{"type":"Feature","id":"way/1119933235","properties":{"highway":"residential","osmType":"way","osmId":"1119933235"},"geometry":{"type":"LineString","coordinates":[[30.4935213,39.7926958],[30.4950023,39.7924612]]}},{"type":"Feature","id":"way/1119933623","properties":{"amenity":"parking","osmType":"way","osmId":"1119933623"},"geometry":{"type":"Polygon","coordinates":[[[30.4932889,39.7927894],[30.4939053,39.792689],[30.4940221,39.7930944],[30.493499,39.7931841],[30.4932889,39.7927894]]]}},{"type":"Feature","id":"way/1119934897","properties":{"leisure":"park","osmType":"way","osmId":"1119934897"},"geometry":{"type":"Polygon","coordinates":[[[30.4927887,39.7919513],[30.4927801,39.7918801],[30.4927785,39.79181],[30.492784,39.7917393],[30.4927965,39.7916692],[30.492816,39.7916],[30.4928422,39.7915321],[30.4928551,39.7915063],[30.4932223,39.7914434],[30.4933165,39.7918519],[30.4927887,39.7919513]]]}},{"type":"Feature","id":"way/1119934898","properties":{"highway":"steps","osmType":"way","osmId":"1119934898"},"geometry":{"type":"LineString","coordinates":[[30.4933336,39.7919261],[30.4933165,39.7918519],[30.4932223,39.7914434]]}},{"type":"Feature","id":"way/1119935202","properties":{"leisure":"park","osmType":"way","osmId":"1119935202"},"geometry":{"type":"Polygon","coordinates":[[[30.4934803,39.7927141],[30.4933636,39.7922763],[30.493032,39.7923409],[30.4932468,39.7927571],[30.4934803,39.7927141]]]}},{"type":"Feature","id":"way/1119935825","properties":{"building":"university","osmType":"way","osmId":"1119935825"},"geometry":{"type":"Polygon","coordinates":[[[30.4965256,39.7903467],[30.4963345,39.7903249],[30.496292,39.7905289],[30.4962318,39.7905207],[30.4962141,39.7905805],[30.4960832,39.7905669],[30.4960124,39.7905642],[30.4960513,39.7903521],[30.4958071,39.7903467],[30.4957682,39.7906213],[30.4957257,39.790624],[30.4956656,39.7909504],[30.4959487,39.7909585],[30.4959912,39.7906947],[30.4960407,39.7906975],[30.4960443,39.7907383],[30.4964328,39.7907549],[30.4964954,39.7907301],[30.4965114,39.7906458],[30.4964725,39.7906404],[30.4965256,39.7903467]]]}},{"type":"Feature","id":"way/1119938085","properties":{"highway":"residential","osmType":"way","osmId":"1119938085"},"geometry":{"type":"LineString","coordinates":[[30.4987192,39.7916117],[30.4986598,39.7916234],[30.4986227,39.791652],[30.4986103,39.7916955],[30.4986404,39.7917349],[30.4986935,39.7917553],[30.4987536,39.791754],[30.4987873,39.7917363],[30.498805,39.7917145],[30.4988127,39.7916983]]}},{"type":"Feature","id":"way/1119938086","properties":{"highway":"residential","osmType":"way","osmId":"1119938086"},"geometry":{"type":"LineString","coordinates":[[30.4987873,39.7917363],[30.4989111,39.7917381]]}},{"type":"Feature","id":"way/1119938087","properties":{"leisure":"park","osmType":"way","osmId":"1119938087"},"geometry":{"type":"Polygon","coordinates":[[[30.4984646,39.7927418],[30.4988008,39.7924726],[30.4983478,39.7921027],[30.4985212,39.7919912],[30.4986982,39.79179],[30.4989111,39.7917381],[30.4995587,39.791779],[30.4994784,39.7928372],[30.4988104,39.7929845],[30.4984082,39.7929577],[30.4983329,39.792941],[30.4982618,39.7929158],[30.4984646,39.7927418]]]}},{"type":"Feature","id":"way/1119938088","properties":{"highway":"footway","osmType":"way","osmId":"1119938088"},"geometry":{"type":"LineString","coordinates":[[30.499675,39.7908438],[30.4995093,39.7913748],[30.4994785,39.7914736],[30.4994485,39.7915697],[30.4994131,39.7916785],[30.499356,39.7917681]]}},{"type":"Feature","id":"way/1119938089","properties":{"leisure":"park","osmType":"way","osmId":"1119938089"},"geometry":{"type":"Polygon","coordinates":[[[30.500029,39.7908429],[30.5000882,39.7906582],[30.5006612,39.7907483],[30.5005594,39.7910394],[30.5003822,39.7914814],[30.5003208,39.7915485],[30.5002487,39.7916089],[30.500167,39.7916618],[30.5000772,39.7917061],[30.4999807,39.7917412],[30.4998791,39.7917664],[30.4997741,39.7917814],[30.4995587,39.791779],[30.499356,39.7917681],[30.4991331,39.7917561],[30.4989749,39.7917476],[30.4989111,39.7917381],[30.4988513,39.7917188],[30.4988127,39.7916983],[30.4987532,39.7916542],[30.4987192,39.7916117],[30.4985839,39.7912447],[30.4983966,39.7907364],[30.4985376,39.7907007],[30.498733,39.7907333],[30.4986673,39.7909355],[30.4988905,39.7909784],[30.4987736,39.7913374],[30.4993555,39.7914493],[30.4994785,39.7914736],[30.4995093,39.7913748],[30.4998591,39.7914419],[30.4998449,39.7914909],[30.5001033,39.7915371],[30.5001139,39.7914909],[30.5002271,39.7915153],[30.5002347,39.7914872],[30.5003104,39.7912376],[30.5002099,39.7912196],[30.5002959,39.7909046],[30.500029,39.7908429]]]}},{"type":"Feature","id":"way/1119938285","properties":{"leisure":"park","osmType":"way","osmId":"1119938285"},"geometry":{"type":"Polygon","coordinates":[[[30.5032762,39.7909003],[30.5033781,39.7906035],[30.5029383,39.7905087],[30.5029865,39.7903356],[30.5031367,39.7903603],[30.5032494,39.7900347],[30.5033942,39.7900924],[30.5035444,39.7900677],[30.5036625,39.7900058],[30.5037805,39.7898698],[30.5039253,39.7898204],[30.5040272,39.789808],[30.5041828,39.7898698],[30.5045851,39.790113],[30.5049285,39.7903438],[30.503936,39.7907354],[30.5036035,39.7908426],[30.5032762,39.7909003]]]}},{"type":"Feature","id":"way/1119942809","properties":{"highway":"footway","osmType":"way","osmId":"1119942809"},"geometry":{"type":"LineString","coordinates":[[30.495027,39.7944396],[30.4950269,39.7944761],[30.4950268,39.7946024],[30.4947788,39.7953708],[30.4945947,39.7953428]]}},{"type":"Feature","id":"way/1119942810","properties":{"highway":"service","osmType":"way","osmId":"1119942810"},"geometry":{"type":"LineString","coordinates":[[30.4967653,39.7954847],[30.4964685,39.7954482]]}},{"type":"Feature","id":"way/1119942811","properties":{"leisure":"park","osmType":"way","osmId":"1119942811"},"geometry":{"type":"Polygon","coordinates":[[[30.4949821,39.7948336],[30.4963562,39.7950803],[30.4964538,39.7949866],[30.49684,39.7950491],[30.4968848,39.7949179],[30.4950675,39.7945337],[30.4949821,39.7948336]]]}},{"type":"Feature","id":"way/1119942812","properties":{"leisure":"park","osmType":"way","osmId":"1119942812"},"geometry":{"type":"Polygon","coordinates":[[[30.4969051,39.7951178],[30.4975881,39.7952115],[30.4976735,39.7947773],[30.4974133,39.7948867],[30.4969457,39.794921],[30.4969051,39.7951178]]]}},{"type":"Feature","id":"way/1119942813","properties":{"amenity":"parking","osmType":"way","osmId":"1119942813"},"geometry":{"type":"Polygon","coordinates":[[[30.4986044,39.794162],[30.4990354,39.7938277],[30.4997346,39.7939121],[30.4996574,39.794062],[30.4994175,39.7943119],[30.4986044,39.794162]]]}},{"type":"Feature","id":"way/1119942814","properties":{"highway":"footway","osmType":"way","osmId":"1119942814"},"geometry":{"type":"LineString","coordinates":[[30.4978853,39.793427],[30.498166,39.793479]]}},{"type":"Feature","id":"way/1119942815","properties":{"highway":"footway","osmType":"way","osmId":"1119942815"},"geometry":{"type":"LineString","coordinates":[[30.497906,39.7936427],[30.498166,39.793479]]}},{"type":"Feature","id":"way/1119942818","properties":{"building":"yes","osmType":"way","osmId":"1119942818"},"geometry":{"type":"Polygon","coordinates":[[[30.49678,39.7951548],[30.4965582,39.7951193],[30.496512,39.795427],[30.4967184,39.7954507],[30.49678,39.7951548]]]}},{"type":"Feature","id":"way/1119942819","properties":{"building":"yes","osmType":"way","osmId":"1119942819"},"geometry":{"type":"Polygon","coordinates":[[[30.4964904,39.7957348],[30.4965859,39.7957608],[30.496666,39.7955004],[30.4965644,39.7954886],[30.4964904,39.7957348]]]}},{"type":"Feature","id":"way/1119942820","properties":{"building":"yes","osmType":"way","osmId":"1119942820"},"geometry":{"type":"Polygon","coordinates":[[[30.4963518,39.7957135],[30.4964072,39.7954602],[30.4963179,39.7954483],[30.4962593,39.7957135],[30.4963518,39.7957135]]]}},{"type":"Feature","id":"way/1119942823","properties":{"building":"yes","osmType":"way","osmId":"1119942823"},"geometry":{"type":"Polygon","coordinates":[[[30.4962717,39.7949069],[30.4962732,39.7949466],[30.4962178,39.7949448],[30.4961107,39.7948998],[30.4961276,39.7948613],[30.4962139,39.7949004],[30.4962316,39.7949057],[30.4962717,39.7949069]]]}},{"type":"Feature","id":"way/1119942824","properties":{"building":"yes","osmType":"way","osmId":"1119942824"},"geometry":{"type":"Polygon","coordinates":[[[30.5021423,39.7894314],[30.5022166,39.7894368],[30.5022343,39.7892492],[30.5021494,39.789241],[30.5021423,39.7894314]]]}},{"type":"Feature","id":"way/1119942825","properties":{"building":"yes","osmType":"way","osmId":"1119942825"},"geometry":{"type":"Polygon","coordinates":[[[30.5017116,39.7898475],[30.5014478,39.7898027],[30.5015248,39.7895658],[30.501784,39.7896143],[30.5017116,39.7898475]]]}},{"type":"Feature","id":"way/1119942826","properties":{"leisure":"park","name":"Japon Bahçesi","osmType":"way","osmId":"1119942826"},"geometry":{"type":"Polygon","coordinates":[[[30.5015654,39.7890103],[30.501351,39.789673],[30.5008897,39.7896194],[30.500938,39.7894504],[30.5001816,39.7893226],[30.5001279,39.7894834],[30.4999348,39.7894669],[30.4998275,39.7898214],[30.4997685,39.7898873],[30.4997095,39.7899244],[30.499629,39.7899409],[30.4993072,39.7898914],[30.4991731,39.7899162],[30.499055,39.789945],[30.4989746,39.7899986],[30.4988941,39.7900769],[30.4988244,39.7901099],[30.4987439,39.790114],[30.4986849,39.7900893],[30.498642,39.7900646],[30.4985991,39.7900275],[30.498583,39.7899656],[30.4986044,39.7898914],[30.4988673,39.7893886],[30.4988566,39.7893391],[30.4988244,39.7892896],[30.4988432,39.7892426],[30.4994691,39.789314],[30.5000423,39.7888693],[30.501002,39.7889417],[30.5015654,39.7890103]]]}},{"type":"Feature","id":"way/1119942827","properties":{"highway":"footway","osmType":"way","osmId":"1119942827"},"geometry":{"type":"LineString","coordinates":[[30.5028828,39.7898057],[30.5025748,39.7896867],[30.5026623,39.7894583],[30.5027032,39.7893516]]}},{"type":"Feature","id":"way/1119942828","properties":{"highway":"footway","osmType":"way","osmId":"1119942828"},"geometry":{"type":"LineString","coordinates":[[30.5026623,39.7894583],[30.5025379,39.7890806],[30.5023468,39.7889291],[30.5015088,39.7888392],[30.5014841,39.7887965],[30.5011822,39.788735],[30.5011021,39.7889054],[30.5009542,39.7889907],[30.5008618,39.7890759],[30.5007755,39.7892842]]}},{"type":"Feature","id":"way/1131080328","properties":{"leisure":"park","osmType":"way","osmId":"1131080328"},"geometry":{"type":"Polygon","coordinates":[[[30.4977683,39.7937855],[30.4987388,39.7939759],[30.4990469,39.7937533],[30.4978639,39.793491],[30.4977683,39.7937855]]]}},{"type":"Feature","id":"way/1131080329","properties":{"building":"yes","name":"Mediko Sosyal Merkezi","osmType":"way","osmId":"1131080329"},"geometry":{"type":"Polygon","coordinates":[[[30.4955505,39.7888794],[30.4955222,39.7890329],[30.4950867,39.7889861],[30.4951287,39.7888282],[30.4955505,39.7888794]]]}},{"type":"Feature","id":"way/1131080330","properties":{"leisure":"park","osmType":"way","osmId":"1131080330"},"geometry":{"type":"Polygon","coordinates":[[[30.4940601,39.7896542],[30.4933527,39.7892918],[30.4943365,39.7888545],[30.4940804,39.7885202],[30.4946943,39.7882359],[30.4951333,39.7880828],[30.4951039,39.7883665],[30.4950272,39.7891064],[30.495048,39.7891669],[30.4950805,39.7892637],[30.4950683,39.7893262],[30.4950236,39.7893793],[30.494987,39.7894043],[30.4940601,39.7896542]]]}},{"type":"Feature","id":"way/1131080686","properties":{"highway":"service","osmType":"way","osmId":"1131080686"},"geometry":{"type":"LineString","coordinates":[[30.4961391,39.7885124],[30.496209,39.7882425],[30.496167,39.7881958],[30.4959335,39.7881599]]}},{"type":"Feature","id":"way/1131080687","properties":{"amenity":"parking","osmType":"way","osmId":"1131080687"},"geometry":{"type":"Polygon","coordinates":[[[30.4961391,39.7885124],[30.496209,39.7882425],[30.496167,39.7881958],[30.4959335,39.7881599],[30.4957187,39.7882174],[30.4956903,39.788456],[30.4961391,39.7885124]]]}},{"type":"Feature","id":"way/1158962835","properties":{"building":"university","name":"TÖMER - Türkçe Öğretimi Uygulama ve Araştırma Merkezi","osmType":"way","osmId":"1158962835"},"geometry":{"type":"Polygon","coordinates":[[[30.4944295,39.7908237],[30.4943948,39.790709],[30.4944995,39.7906903],[30.4944938,39.7906711],[30.4952317,39.7905395],[30.4952736,39.790678],[30.4950736,39.7907088],[30.4944295,39.7908237]]]}},{"type":"Feature","id":"way/1346085678","properties":{"leisure":"park","osmType":"way","osmId":"1346085678"},"geometry":{"type":"Polygon","coordinates":[[[30.4926001,39.7917942],[30.4926451,39.7916585],[30.4927794,39.7913798],[30.4929023,39.7912265],[30.493014,39.7911388],[30.4934823,39.790888],[30.4934458,39.7908379],[30.4933584,39.790877],[30.4933517,39.7909203],[30.4931205,39.7910206],[30.4930762,39.7909875],[30.493001,39.7910147],[30.4928472,39.7908234],[30.4927665,39.7908515],[30.4926614,39.7907282],[30.4926271,39.7906466],[30.4927532,39.790576],[30.4930984,39.7904409],[30.4930475,39.790355],[30.4931172,39.7902861],[30.4930581,39.7901095],[30.4929708,39.7901287],[30.4929147,39.7902468],[30.4927174,39.7903027],[30.492626,39.7903059],[30.4926156,39.7902564],[30.4925408,39.7902373],[30.4925387,39.7904639],[30.4925221,39.790788],[30.492439,39.7912063],[30.4922894,39.7916516],[30.4926001,39.7917942]]]}},{"type":"Feature","id":"way/1346085680","properties":{"highway":"footway","osmType":"way","osmId":"1346085680"},"geometry":{"type":"LineString","coordinates":[[30.4935774,39.7897365],[30.4933613,39.7900167],[30.493061,39.7900586]]}},{"type":"Feature","id":"way/1346085681","properties":{"leisure":"park","osmType":"way","osmId":"1346085681"},"geometry":{"type":"Polygon","coordinates":[[[30.493468,39.7897791],[30.4930111,39.7894553],[30.4928593,39.7893622],[30.4927333,39.7892927],[30.4925735,39.7892518],[30.4925218,39.7892543],[30.4922731,39.7893808],[30.4924298,39.7899739],[30.492806,39.7898771],[30.4929158,39.7898808],[30.4929755,39.7899627],[30.4929545,39.7900496],[30.4929255,39.7900831],[30.4929562,39.7901116],[30.4930191,39.7901029],[30.493045,39.790093],[30.4930773,39.7900297],[30.4931709,39.7899578],[30.493313,39.7899938],[30.493468,39.7897791]]]}},{"type":"Feature","id":"way/1346085682","properties":{"amenity":"food_court","building":"yes","name":"Anadolu Üniversitesi Öğretim Üyeleri Yemekhanesi","osmType":"way","osmId":"1346085682"},"geometry":{"type":"Polygon","coordinates":[[[30.4924614,39.790014],[30.4925227,39.7902093],[30.4925843,39.7901979],[30.4926015,39.7902526],[30.4926541,39.7902428],[30.4926694,39.7902915],[30.4927327,39.7902798],[30.4928788,39.7902378],[30.4929122,39.7901024],[30.4929031,39.7900815],[30.4928589,39.7900929],[30.4928419,39.790054],[30.4927618,39.7900747],[30.492711,39.7900727],[30.4926883,39.7900003],[30.4926468,39.790008],[30.4926357,39.7899723],[30.4925954,39.7899798],[30.4925885,39.7899578],[30.4925191,39.7899707],[30.4925287,39.7900015],[30.4924614,39.790014]]]}},{"type":"Feature","id":"way/1346085683","properties":{"leisure":"park","osmType":"way","osmId":"1346085683"},"geometry":{"type":"Polygon","coordinates":[[[30.4938749,39.7938795],[30.4935511,39.7932778],[30.4944233,39.7931177],[30.4944735,39.793274],[30.4942451,39.7933029],[30.4942313,39.7932576],[30.4941736,39.7932267],[30.4939841,39.7932518],[30.4939439,39.7932981],[30.4939803,39.7934321],[30.4940142,39.7934514],[30.494038,39.7935478],[30.4940067,39.7935825],[30.4940443,39.7936982],[30.4941184,39.7937426],[30.4942828,39.7937214],[30.4943166,39.7936867],[30.4944346,39.7936664],[30.494481,39.7936934],[30.4946141,39.7936895],[30.4946065,39.7937445],[30.4941924,39.7938284],[30.4938749,39.7938795]]]}},{"type":"Feature","id":"way/1364254181","properties":{"building":"yes","source":"microsoft/BuildingFootprints","osmType":"way","osmId":"1364254181"},"geometry":{"type":"Polygon","coordinates":[[[30.4969989,39.789288],[30.4971393,39.7892833],[30.4971478,39.7894335],[30.4970074,39.7894382],[30.4969989,39.789288]]]}},{"type":"Feature","id":"way/1364254182","properties":{"building":"yes","source":"microsoft/BuildingFootprints","osmType":"way","osmId":"1364254182"},"geometry":{"type":"Polygon","coordinates":[[[30.4969754,39.7891159],[30.4971175,39.7891133],[30.4971211,39.7892315],[30.496979,39.7892341],[30.4969754,39.7891159]]]}},{"type":"Feature","id":"way/1364254183","properties":{"building":"yes","source":"microsoft/BuildingFootprints","osmType":"way","osmId":"1364254183"},"geometry":{"type":"Polygon","coordinates":[[[30.4969888,39.789652],[30.4970905,39.7896555],[30.4970877,39.7897049],[30.4969859,39.7897014],[30.4969888,39.789652]]]}},{"type":"Feature","id":"way/1364254184","properties":{"building":"yes","source":"microsoft/BuildingFootprints","osmType":"way","osmId":"1364254184"},"geometry":{"type":"Polygon","coordinates":[[[30.4960438,39.7894393],[30.4958642,39.7894354],[30.4958669,39.7893613],[30.4960465,39.7893652],[30.4960438,39.7894393]]]}},{"type":"Feature","id":"way/1364254185","properties":{"building":"yes","source":"microsoft/BuildingFootprints","osmType":"way","osmId":"1364254185"},"geometry":{"type":"Polygon","coordinates":[[[30.4955753,39.7893562],[30.495752,39.7893616],[30.4957473,39.7894522],[30.4954944,39.7894444],[30.495495,39.7894341],[30.4955711,39.7894364],[30.4955753,39.7893562]]]}},{"type":"Feature","id":"way/1483836632","properties":{"highway":"service","osmType":"way","osmId":"1483836632"},"geometry":{"type":"LineString","coordinates":[[30.4923351,39.7942938],[30.4922479,39.7944031],[30.4920629,39.7950471]]}},{"type":"Feature","id":"way/1483836633","properties":{"highway":"service","osmType":"way","osmId":"1483836633"},"geometry":{"type":"LineString","coordinates":[[30.4930143,39.7941834],[30.4929574,39.7943258],[30.4929011,39.7943701],[30.4927576,39.7943763],[30.4924397,39.7943263],[30.4923351,39.7942938],[30.4923069,39.7942207],[30.4923153,39.79417]]}},{"type":"Feature","id":"way/1483838328","properties":{"highway":"service","osmType":"way","osmId":"1483838328"},"geometry":{"type":"LineString","coordinates":[[30.4933336,39.7919261],[30.4929963,39.7920042],[30.4928412,39.7920555]]}},{"type":"Feature","id":"way/1483838787","properties":{"highway":"service","osmType":"way","osmId":"1483838787"},"geometry":{"type":"LineString","coordinates":[[30.4932616,39.7928446],[30.4932953,39.7928391],[30.4934509,39.7928265],[30.4936293,39.7928017],[30.4938874,39.7927518],[30.4939243,39.7927636],[30.4939498,39.7927863],[30.4939666,39.7928409],[30.4939501,39.7928752],[30.4939109,39.7929007],[30.4935569,39.7929378],[30.4934871,39.7929213],[30.4934603,39.7928831],[30.4934509,39.7928265]]}},{"type":"Feature","id":"way/1483838815","properties":{"highway":"service","osmType":"way","osmId":"1483838815"},"geometry":{"type":"LineString","coordinates":[[30.4955866,39.7905666],[30.4955638,39.7907243],[30.495535,39.7908624],[30.4955102,39.7908918],[30.4954646,39.7909026],[30.4954131,39.790901]]}},{"type":"Feature","id":"way/1483839548","properties":{"highway":"service","osmType":"way","osmId":"1483839548"},"geometry":{"type":"LineString","coordinates":[[30.5007207,39.7931916],[30.5007881,39.7928811],[30.5008256,39.7926657],[30.5008163,39.7925761],[30.5007184,39.7925266],[30.5002892,39.7924596],[30.4999378,39.7924308],[30.49986,39.7924699],[30.4998319,39.7925431],[30.4997729,39.7927677]]}},{"type":"Feature","id":"way/1483840500","properties":{"highway":"service","osmType":"way","osmId":"1483840500"},"geometry":{"type":"LineString","coordinates":[[30.5025086,39.7936585],[30.5026737,39.793588],[30.5029446,39.7934231],[30.5031484,39.7933489],[30.5034488,39.7933252],[30.5039102,39.7932665],[30.5042857,39.7932108]]}},{"type":"Feature","id":"way/1483840501","properties":{"highway":"service","osmType":"way","osmId":"1483840501"},"geometry":{"type":"LineString","coordinates":[[30.5025086,39.7936585],[30.5024926,39.7937456],[30.5024906,39.7937941],[30.5025035,39.7938467],[30.502513,39.793861],[30.5025564,39.7939199]]}},{"type":"Feature","id":"way/1483841745","properties":{"highway":"service","osmType":"way","osmId":"1483841745"},"geometry":{"type":"LineString","coordinates":[[30.5059433,39.7911715],[30.5055507,39.7915595]]}},{"type":"Feature","id":"way/1483842061","properties":{"highway":"residential","osmType":"way","osmId":"1483842061"},"geometry":{"type":"LineString","coordinates":[[30.5013974,39.7898992],[30.5013514,39.7899741],[30.50134,39.7900189],[30.5013554,39.7900581],[30.5014218,39.7901148],[30.5015659,39.7901998],[30.5016338,39.7902244]]}},{"type":"Feature","id":"way/1496771008","properties":{"highway":"footway","osmType":"way","osmId":"1496771008"},"geometry":{"type":"LineString","coordinates":[[30.4957595,39.7928961],[30.4959533,39.7928474],[30.4959738,39.7928446],[30.49599,39.7928435],[30.4960121,39.7928442],[30.4960319,39.7928461],[30.4961844,39.7928706],[30.4962156,39.7928815],[30.4962424,39.7928963],[30.4962583,39.7929077],[30.4962724,39.792918],[30.4962849,39.7929295],[30.496294,39.7929415],[30.4962984,39.7929491],[30.4963009,39.7929572],[30.4962896,39.793082]]}},{"type":"Feature","id":"way/1496771009","properties":{"highway":"footway","osmType":"way","osmId":"1496771009"},"geometry":{"type":"LineString","coordinates":[[30.496597,39.7925275],[30.496632,39.7925453],[30.4966682,39.7925571],[30.4967021,39.7925633],[30.4967312,39.7925643],[30.4967713,39.7925611],[30.4968047,39.7925509],[30.496833,39.7925394],[30.4968709,39.7925301],[30.4968969,39.7925273],[30.4969177,39.7925286],[30.4969454,39.7925333],[30.4969854,39.7925425],[30.4970172,39.7925524],[30.4971514,39.7925989]]}},{"type":"Feature","id":"way/1496771010","properties":{"highway":"footway","osmType":"way","osmId":"1496771010"},"geometry":{"type":"LineString","coordinates":[[30.4971842,39.7925619],[30.4972033,39.7925572],[30.4972235,39.7925575],[30.4972424,39.7925628],[30.4972581,39.7925725],[30.4972688,39.7925856],[30.4972733,39.7926007],[30.4972713,39.7926161],[30.4972629,39.7926301],[30.4972489,39.7926413],[30.4972311,39.7926484],[30.4972111,39.7926507],[30.4971913,39.7926478],[30.4971738,39.7926402],[30.4971605,39.7926286],[30.4971527,39.7926144],[30.4971514,39.7925989],[30.4971567,39.792584],[30.4971681,39.7925712],[30.4971842,39.7925619]]}},{"type":"Feature","id":"way/1496771011","properties":{"highway":"footway","osmType":"way","osmId":"1496771011"},"geometry":{"type":"LineString","coordinates":[[30.4970975,39.7928482],[30.4972477,39.7929261],[30.4972619,39.7929365],[30.4972742,39.7929521],[30.4972794,39.792963],[30.4972832,39.792974],[30.4972861,39.7929841],[30.4972876,39.7929935],[30.4972886,39.7930047],[30.4972878,39.7930155],[30.4972865,39.7930243],[30.4972818,39.7930359],[30.4972755,39.7930444],[30.4972682,39.7930505],[30.4972504,39.7930604],[30.4972356,39.7930666],[30.4972188,39.7930726],[30.4972007,39.7930769],[30.4971806,39.793081],[30.4971601,39.7930842],[30.4971405,39.7930864],[30.4971149,39.7930875],[30.4970578,39.7930847]]}},{"type":"Feature","id":"way/1496771012","properties":{"highway":"footway","osmType":"way","osmId":"1496771012"},"geometry":{"type":"LineString","coordinates":[[30.497084,39.7928033],[30.4971913,39.7926478]]}},{"type":"Feature","id":"way/1496771013","properties":{"highway":"footway","osmType":"way","osmId":"1496771013"},"geometry":{"type":"LineString","coordinates":[[30.4970503,39.7928084],[30.4970605,39.7928037],[30.4970722,39.7928019],[30.497084,39.7928033],[30.4970945,39.7928076],[30.4971026,39.7928144],[30.4971072,39.7928228],[30.4971078,39.792832],[30.4971045,39.7928407],[30.4970975,39.7928482],[30.4970886,39.792853],[30.4970782,39.7928555],[30.4970673,39.7928554],[30.497057,39.7928528],[30.4970482,39.7928479],[30.4970418,39.7928411],[30.4970384,39.7928332],[30.4970385,39.792824],[30.4970426,39.7928154],[30.4970503,39.7928084]]}},{"type":"Feature","id":"way/1496771014","properties":{"highway":"footway","osmType":"way","osmId":"1496771014"},"geometry":{"type":"LineString","coordinates":[[30.496974,39.7929397],[30.4970235,39.7929838],[30.4970412,39.7930103],[30.4970528,39.7930375],[30.4970578,39.7930847],[30.4970536,39.7931191],[30.4970413,39.7931522],[30.4970016,39.7932018],[30.4969438,39.7932395],[30.4968736,39.7932615],[30.496798,39.7932657],[30.4967176,39.7932493],[30.4966492,39.7932128],[30.4966011,39.7931607],[30.4965821,39.7931079],[30.4965789,39.7930991],[30.4965853,39.7930353],[30.4966196,39.792977],[30.4966776,39.7929312],[30.4967039,39.7929214],[30.4967525,39.7929033],[30.4968352,39.7928966],[30.4969091,39.7929097],[30.496974,39.7929397]]}},{"type":"Feature","id":"way/1496771015","properties":{"highway":"footway","osmType":"way","osmId":"1496771015"},"geometry":{"type":"LineString","coordinates":[[30.4967705,39.7917674],[30.4968217,39.7918776],[30.4968226,39.7918897],[30.4968163,39.7919014],[30.4966992,39.7919891],[30.4966867,39.7919948],[30.4966699,39.7919964],[30.4965576,39.7919946],[30.4965425,39.7919964],[30.4965289,39.7920037],[30.496378,39.7921119]]}},{"type":"Feature","id":"way/1496773079","properties":{"highway":"secondary","name":"İstiklal Caddesi","osmType":"way","osmId":"1496773079"},"geometry":{"type":"LineString","coordinates":[[30.5105767,39.7927177],[30.5105325,39.7927495],[30.5103824,39.7928577],[30.5103285,39.7928966],[30.5102058,39.7929856],[30.5101077,39.7930378],[30.5100416,39.793073],[30.5096661,39.7932585],[30.5094768,39.7932987],[30.5093448,39.7933198],[30.5080996,39.7932391],[30.5078205,39.7932182],[30.5072423,39.7931759]]}},{"type":"Feature","id":"way/1496773080","properties":{"highway":"footway","osmType":"way","osmId":"1496773080"},"geometry":{"type":"LineString","coordinates":[[30.4978402,39.7936571],[30.4976037,39.7934574],[30.4972037,39.7931726]]}},{"type":"Feature","id":"way/1496773081","properties":{"highway":"footway","osmType":"way","osmId":"1496773081"},"geometry":{"type":"LineString","coordinates":[[30.4979505,39.7936821],[30.4979497,39.7936981],[30.4979421,39.793713],[30.4979287,39.7937252],[30.4979108,39.7937333],[30.4978904,39.7937365],[30.4978698,39.7937344],[30.4978511,39.7937273],[30.4978368,39.793716],[30.4978279,39.7937018],[30.4978254,39.7936861],[30.4978297,39.7936707],[30.4978402,39.7936571],[30.4978559,39.7936469],[30.497875,39.7936411],[30.4978955,39.7936403],[30.497906,39.7936427],[30.4979152,39.7936447],[30.4979323,39.7936539],[30.4979445,39.7936668],[30.4979505,39.7936821]]}},{"type":"Feature","id":"way/1496977387","properties":{"highway":"residential","oneway":"yes","osmType":"way","osmId":"1496977387"},"geometry":{"type":"LineString","coordinates":[[30.5006127,39.7906493],[30.5006428,39.7905571]]}},{"type":"Feature","id":"way/1496977388","properties":{"highway":"residential","oneway":"yes","osmType":"way","osmId":"1496977388"},"geometry":{"type":"LineString","coordinates":[[30.5007812,39.7905786],[30.5007533,39.7906787]]}},{"type":"Feature","id":"node/308844218","properties":{"amenity":"restaurant","name":"Taş Bina","osmType":"node","osmId":"308844218"},"geometry":{"type":"Point","coordinates":[30.498296,39.7912485]}},{"type":"Feature","id":"node/2506916082","properties":{"building":"university","name":"Güzel Sanatlar Fakültesi","osmType":"node","osmId":"2506916082"},"geometry":{"type":"Point","coordinates":[30.4962637,39.790446]}},{"type":"Feature","id":"node/2506916086","properties":{"leisure":"sports_centre","name":"Spor Salonu","osmType":"node","osmId":"2506916086"},"geometry":{"type":"Point","coordinates":[30.4968055,39.7909108]}},{"type":"Feature","id":"node/2506916088","properties":{"brand":"BİM","brand:wikidata":"Q1022075","name":"BİM","name:en":"Bukalemun Coffee Shop","shop":"supermarket","osmType":"node","osmId":"2506916088"},"geometry":{"type":"Point","coordinates":[30.4973768,39.7915682]}},{"type":"Feature","id":"node/6725962407","properties":{"name":"TR 7","power":"substation","osmType":"node","osmId":"6725962407"},"geometry":{"type":"Point","coordinates":[30.494279,39.7954616]}},{"type":"Feature","id":"node/6725969901","properties":{"name":"Marker","pipeline":"substation","osmType":"node","osmId":"6725969901"},"geometry":{"type":"Point","coordinates":[30.4989091,39.7940378]}},{"type":"Feature","id":"node/9900741797","properties":{"addr:country":"TR","addr:place":"ANADOLU UNIVERSITESI YUNUS EMRE KAMPUSU","height":"804.00","man_made":"monitoring_station","monitoring:seismic_activity":"yes","name":"AFAD Kuvvetli Yer Hareketi İstasyonu","operator":"AFAD","recording:remote":"yes","ref":"2602","start_date":"2006-10-19 00:00:00.0","osmType":"node","osmId":"9900741797"},"geometry":{"type":"Point","coordinates":[30.4973,39.7893]}},{"type":"Feature","id":"node/10052862751","properties":{"amenity":"atm","brand":"Garanti Bankası","brand:wikidata":"Q322962","name":"Garanti Bankası","operator":"Garanti Bankası","operator:wikidata":"Q322962","osmType":"node","osmId":"10052862751"},"geometry":{"type":"Point","coordinates":[30.5027423,39.7912109]}},{"type":"Feature","id":"node/10052862752","properties":{"amenity":"atm","brand":"Ziraat Bankası","brand:wikidata":"Q696003","name":"Ziraat Bankası","operator":"Ziraat Bankası","operator:wikidata":"Q696003","osmType":"node","osmId":"10052862752"},"geometry":{"type":"Point","coordinates":[30.5027838,39.7912163]}},{"type":"Feature","id":"node/10052862753","properties":{"amenity":"atm","brand":"Halkbank","brand:wikidata":"Q3593818","name":"Halkbank","operator":"Halkbank","operator:wikidata":"Q3593818","osmType":"node","osmId":"10052862753"},"geometry":{"type":"Point","coordinates":[30.5028277,39.7912167]}},{"type":"Feature","id":"node/10052862754","properties":{"amenity":"atm","brand":"Yapı Kredi","brand:wikidata":"Q8049138","name":"Yapı Kredi","operator":"Yapı Kredi","operator:wikidata":"Q8049138","osmType":"node","osmId":"10052862754"},"geometry":{"type":"Point","coordinates":[30.5028845,39.7912171]}},{"type":"Feature","id":"node/10052862755","properties":{"amenity":"atm","brand":"Vakıfbank","brand:wikidata":"Q1148521","name":"Vakıfbank","operator":"Vakıfbank","operator:wikidata":"Q1148521","osmType":"node","osmId":"10052862755"},"geometry":{"type":"Point","coordinates":[30.502936,39.7912134]}},{"type":"Feature","id":"node/11450099169","properties":{"addr:street":"Anadolu Üniversitesi","internet_access":"wlan","name":"Rita Kahve","name:en":"Rita Coffee.co","name:tr":"Rita Kahve Evi","opening_hours":"Mo-Su 09:00-19:00","shop":"coffee","osmType":"node","osmId":"11450099169"},"geometry":{"type":"Point","coordinates":[30.5029685,39.7902276]}},{"type":"Feature","id":"node/11450099269","properties":{"amenity":"school","name":"Anadolu Üniversitesi Hukuk Fakültesi","name:en":"Anadolu University Faculty of Law","operator":"Anadolu Üniversitesi Hukuk Fakültesi Dekanlığı ve Rektörlüğü","osmType":"node","osmId":"11450099269"},"geometry":{"type":"Point","coordinates":[30.5021659,39.7902698]}},{"type":"Feature","id":"node/11581279869","properties":{"amenity":"cafe","name":"Kare Kahve","name:en":"Kare Coffee","osmType":"node","osmId":"11581279869"},"geometry":{"type":"Point","coordinates":[30.4953807,39.7903698]}},{"type":"Feature","id":"node/13104098501","properties":{"amenity":"restaurant","cuisine":"bagel;breakfast;burger;cake;coffee_shop;crepe;friture","internet_access":"wlan","name":"Sarus Kafe-Mutfak","name:en":"Sarus Cafe-Kitchen","self_service":"only","osmType":"node","osmId":"13104098501"},"geometry":{"type":"Point","coordinates":[30.4973088,39.7915482]}},{"type":"Feature","id":"node/13124665804","properties":{"brand":"Şok","brand:wikidata":"Q19613992","name":"Şok","shop":"supermarket","osmType":"node","osmId":"13124665804"},"geometry":{"type":"Point","coordinates":[30.497158,39.7915795]}},{"type":"Feature","id":"node/14109990502","properties":{"addr:postcode":"26470","addr:street":"Anadolu Üniversitei","email":"fenfak@eskisehir.edu.tr","name":"ESTÜ FEN FAKÜLTESİ","office":"educational_institution","opening_hours":"Mo-Fr 08:00-17:00","phone":"+90 222 320 49 10","website":"https://fen.eskisehir.edu.tr/tr/","osmType":"node","osmId":"14109990502"},"geometry":{"type":"Point","coordinates":[30.496903,39.794028]}}]}
